package_or_test,code,name,slug,amount,leb_cost,offer_price,min_age,details,description,max_age,tat_time,tat_time_duration,recommended_age,is_active,category,recommended_gender,discount,fasting_time,package_price,smart_report_available,sample_1h_interval_3times,sample_1h_interval_2times,sample_2h_interval_1time,sample_20m_interval_3times,home_collection,meta_keyword,also_known_as,sample_report,sample_report_pdf,is_hiv_form,type,content,package_alias
test,BC360,Kidney Function Test (KFT),kidney-function-test-kft,300,100,399,0,Suggested for patients exhibit...,"(Urea, BUN, Creatinine, BUN/Creatinine Ratio, Uric Acid, Sodium Ratio",120,10 Hours,1 day,5+ Years,TRUE,category name,both,0,Not Required,0,false,false,false,false,false,true,Kidney function test,"Renal Profile, Kindey Profile, RFT, KFT, Renal Function Test, Kidney Panel",,,false,,,Kidney Blood Test
test,AST,Aspartate Aminotransferase (AST/SGOT),aspartate-aminotransferase-ast/sgot,180,101,280,0,3ml Serum,,120,10 Hours,1 day,5+ Years,TRUE,,both,0,,0,false,false,false,false,false,true,,,,,false,,,
test,ALT,Alanine Aminotransferase (ALT/SGPT),alanine-aminotransferase-alt/sgpt,180,102,360,0,3ml Serum,,120,10 Hours,1 day,5+ Years,TRUE,,both,0,,0,false,false,false,false,false,true,,,,,false,,,
test,ANC,Absolute Neutrophil Count,absolute-neutrophil-count,160,103,260,0,3ml EDTA,,120,10 Hours,1 day,5+ Years,TRUE,,both,0,,0,false,false,false,false,false,true,,,,,false,,,
test,ACHR,Acetylcholine receptor antibodies,acetylcholine-receptor-antibodies,5000,104,6460,0,3ml Serum,,120,10 Hours,1 day,5+ Years,TRUE,,both,0,,0,false,false,false,false,false,true,,,,,false,,,
test,APTT,Activated Partial Thromboplastin Time ,activated-partial-thromboplastin-time-,500,105,860,0,3ml Sodium Citrate,,120,10 Hours,1 day,5+ Years,TRUE,,both,0,,0,false,false,false,false,false,true,,,,,false,,,
test,Active B12,Active B12 (HoloTC),active-b12-holotc,1600,106,3040,0,3ml Serum,,120,10 Hours,1 day,5+ Years,TRUE,,both,0,,0,false,false,false,false,false,true,,,,,false,,,
test,ADA,Adenosine Deaminase,adenosine-deaminase,700,107,870,0,3ml Serum / Fluid,,120,10 Hours,1 day,5+ Years,TRUE,,both,0,,0,false,false,false,false,false,true,,,,,false,,,
test,ACTH,Adrenocortico Tropic Hormone,adrenocortico-tropic-hormone,1400,108,1500,0,3ml EDTA,,120,10 Hours,1 day,5+ Years,TRUE,,both,0,,0,false,false,false,false,false,true,,,,,false,,,
test,AEROBIC C/S,Aerobic Culture & Sensitivity,aerobic-culture-&-sensitivity,750,109,990,0,Any Swab/Fluid,,120,10 Hours,1 day,5+ Years,TRUE,,both,0,,0,false,false,false,false,false,true,,,,,false,,,
test,AFBTIS,AFB (Tissue) Stain,afb-tissue-stain,450,110,840,0,Tissue,,120,10 Hours,1 day,5+ Years,TRUE,,both,0,,0,false,false,false,false,false,true,,,,,false,,,
test,AFBCUL,AFB Culture,afb-culture,1000,111,1840,0,Sputum/Urine/Fluid/Tissue,,120,10 Hours,1 day,5+ Years,TRUE,,both,0,,0,false,false,false,false,false,true,,,,,false,,,
test,AFB,AFB-Stain / ZN-Stain,afb-stain-/-zn-stain,400,112,620,0,Sputum/Fluid/Pus/Urine,,120,10 Hours,1 day,5+ Years,TRUE,,both,0,,0,false,false,false,false,false,true,,,,,false,,,
test,AIR C/S,Air culture & Sensitivity,air-culture-&-sensitivity,800,113,1480,0,Swab/Plate,,120,10 Hours,1 day,5+ Years,TRUE,,both,0,,0,false,false,false,false,false,true,,,,,false,,,
test,ALB,Albumin,albumin,140,114,280,0,3ml Serum/Fluid/Urine,,120,10 Hours,1 day,5+ Years,TRUE,,both,0,,0,false,false,false,false,false,true,,,,,false,,,
test,ACR,Albumin Creatinine Ratio,albumin-creatinine-ratio,600,115,780,0,3mlSerum/Urine,,120,10 Hours,1 day,5+ Years,TRUE,,both,0,,0,false,false,false,false,false,true,,,,,false,,,
test,ALC,Alcohol,alcohol,1000,116,1550,0,3ml Serum,,120,10 Hours,1 day,5+ Years,TRUE,,both,0,,0,false,false,false,false,false,true,,,,,false,,,
test,ALDO,Aldolase,aldolase,950,117,1530,0,3ml Serum,,120,10 Hours,1 day,5+ Years,TRUE,,both,0,,0,false,false,false,false,false,true,,,,,false,,,
test,ALD,Aldosterone,aldosterone,1600,118,3190,0,3ml EDTA,,120,10 Hours,1 day,5+ Years,TRUE,,both,0,,0,false,false,false,false,false,true,,,,,false,,,
test,ALP,Alkaline Phosphatase,alkaline-phosphatase,180,119,300,0,3ml Serum,,120,10 Hours,1 day,5+ Years,TRUE,,both,0,,0,false,false,false,false,false,true,,,,,false,,,
test,ASPHADCHL,Allergy Screen IgE With PhadiaTop (Child < 5 y),allergy-screen-ige-with-phadiatop-child-<-5-y,2000,120,2680,0,3ml Serum,,120,10 Hours,1 day,5+ Years,TRUE,,both,0,,0,false,false,false,false,false,true,,,,,false,,,
test,ASPHAD,Allergy Screening Phadiatop Adult,allergy-screening-phadiatop-adult,1500,121,2170,0,3ml Serum,,120,10 Hours,1 day,5+ Years,TRUE,,both,0,,0,false,false,false,false,false,true,,,,,false,,,
test,AFP,Alpha Feto Protein,alpha-feto-protein,900,122,1110,0,3ml Serum/Fluid,,120,10 Hours,1 day,5+ Years,TRUE,,both,0,,0,false,false,false,false,false,true,,,,,false,,,
test,ATRIP,Alpha-1-antitrypsin,alpha-1-antitrypsin,2000,123,3490,0,3ml Serum,,120,10 Hours,1 day,5+ Years,TRUE,,both,0,,0,false,false,false,false,false,true,,,,,false,,,
test,NH3,Ammonia,ammonia,1100,124,1460,0,3ml EDTA,,120,10 Hours,1 day,5+ Years,TRUE,,both,0,,0,false,false,false,false,false,true,,,,,false,,,
test,Amoebic,Amoebic Serology,amoebic-serology,1400,125,1750,0,3ml Serum/Fluid,,120,10 Hours,1 day,5+ Years,TRUE,,both,0,,0,false,false,false,false,false,true,,,,,false,,,
test,AMY,Amylase,amylase,450,126,560,0,3ml Serum,,120,10 Hours,1 day,5+ Years,TRUE,,both,0,,0,false,false,false,false,false,true,,,,,false,,,
test,A4,Androstenedione,androstenedione,1700,127,2730,0,3ml Serum,,120,10 Hours,1 day,5+ Years,TRUE,,both,0,,0,false,false,false,false,false,true,,,,,false,,,
test,ACE,Angiotensin Converting Enzyme,angiotensin-converting-enzyme,1000,128,1470,0,3ml Serum,,120,10 Hours,1 day,5+ Years,TRUE,,both,0,,0,false,false,false,false,false,true,,,,,false,,,
test,ACL-A,Anti Cardiolipin Antibody IgA,anti-cardiolipin-antibody-iga,900,129,1590,0,3ml Serum,,120,10 Hours,1 day,5+ Years,TRUE,,both,0,,0,false,false,false,false,false,true,,,,,false,,,
test,ACL-G,Anti Cardiolipin Antibody IgG,anti-cardiolipin-antibody-igg,900,130,1140,0,3ml Serum,,120,10 Hours,1 day,5+ Years,TRUE,,both,0,,0,false,false,false,false,false,true,,,,,false,,,
test,ACL-M,Anti Cardiolipin Antibody IgM,anti-cardiolipin-antibody-igm,900,131,1090,0,3ml Serum,,120,10 Hours,1 day,5+ Years,TRUE,,both,0,,0,false,false,false,false,false,true,,,,,false,,,
test,Anti CCP,Anti Cyclic Citrullinated Peptide,anti-cyclic-citrullinated-peptide,1600,132,2100,0,3ml Serum,,120,10 Hours,1 day,5+ Years,TRUE,,both,0,,0,false,false,false,false,false,true,,,,,false,,,
test,ds-DNA,Anti Ds DNA Antibody,anti-ds-dna-antibody,1250,133,1400,0,3ml Serum,,120,10 Hours,1 day,5+ Years,TRUE,,both,0,,0,false,false,false,false,false,true,,,,,false,,,
test,AEC,Absolute Eiosinophil Count,absolute-eiosinophil-count,160,134,320,0,3ml EDTA,,120,10 Hours,1 day,5+ Years,TRUE,,both,0,,0,false,false,false,false,false,true,,,,,false,,,
test,ENDOA,Anti Endomysial Antibody-IgA,anti-endomysial-antibody-iga,1850,135,3360,0,3ml Serum,,120,10 Hours,1 day,5+ Years,TRUE,,both,0,,0,false,false,false,false,false,true,,,,,false,,,
test,ENDOG,Anti Endomysial Antibody-IgG,anti-endomysial-antibody-igg,1850,136,3230,0,3ml Serum,,120,10 Hours,1 day,5+ Years,TRUE,,both,0,,0,false,false,false,false,false,true,,,,,false,,,
test,ENDOM,Anti Endomysial Antibody-IgM,anti-endomysial-antibody-igm,1850,137,2280,0,3ml Serum,,120,10 Hours,1 day,5+ Years,TRUE,,both,0,,0,false,false,false,false,false,true,,,,,false,,,
test,GBM,Anti Glomerular Basement Membrane antibody,anti-glomerular-basement-membrane-antibody,1900,138,3180,0,3ml Serum,,120,10 Hours,1 day,5+ Years,TRUE,,both,0,,0,false,false,false,false,false,true,,,,,false,,,
test,Jo1,Anti Jo-1 Antibody,anti-jo-1-antibody,1450,139,2520,0,3ml Serum,,120,10 Hours,1 day,5+ Years,TRUE,,both,0,,0,false,false,false,false,false,true,,,,,false,,,
test,TPO,Anti Microsomal/ Peroxidase Antibody,anti-microsomal/-peroxidase-antibody,1400,140,1790,0,3ml Serum,,120,10 Hours,1 day,5+ Years,TRUE,,both,0,,0,false,false,false,false,false,true,,,,,false,,,
test,AMA,Anti Mitochondrial Antibody,anti-mitochondrial-antibody,1800,141,3090,0,3ml Serum,,120,10 Hours,1 day,5+ Years,TRUE,,both,0,,0,false,false,false,false,false,true,,,,,false,,,
test,AMH,Anti Mullerian Hormone,anti-mullerian-hormone,2000,142,2960,0,3ml Serum,,120,10 Hours,1 day,5+ Years,TRUE,,both,0,,0,false,false,false,false,false,true,,,,,false,,,
test,C-ANCA,Anti Neutrophil Cytoplasmic Ab (MPO Antibodies),anti-neutrophil-cytoplasmic-ab-mpo-antibodies,1700,143,3280,0,3ml Serum,,120,10 Hours,1 day,5+ Years,TRUE,,both,0,,0,false,false,false,false,false,true,,,,,false,,,
test,P-ANCA,Anti Neutrophil Cytoplasmic Ab (PR3 Antibodies),anti-neutrophil-cytoplasmic-ab-pr3-antibodies,1700,144,2320,0,3ml Serum,,120,10 Hours,1 day,5+ Years,TRUE,,both,0,,0,false,false,false,false,false,true,,,,,false,,,
test,IFA- ANA,Anti Nuclear Abs-IFA Hep2,anti-nuclear-abs-ifa-hep2,2200,145,3660,0,3ml Serum,,120,10 Hours,1 day,5+ Years,TRUE,,both,0,,0,false,false,false,false,false,true,,,,,false,,,
test,ANA,Anti Nuclear Antibody,anti-nuclear-antibody,800,146,1210,0,3ml Serum,,120,10 Hours,1 day,5+ Years,TRUE,,both,0,,0,false,false,false,false,false,true,,,,,false,,,
test,APL-A,Anti Phospholipid Antibody IgA,anti-phospholipid-antibody-iga,900,147,1030,0,3ml Serum,,120,10 Hours,1 day,5+ Years,TRUE,,both,0,,0,false,false,false,false,false,true,,,,,false,,,
test,APL-G,Anti Phospholipid Antibody IgG,anti-phospholipid-antibody-igg,900,148,1000,0,3ml Serum,,120,10 Hours,1 day,5+ Years,TRUE,,both,0,,0,false,false,false,false,false,true,,,,,false,,,
test,APL-M,Anti Phospholipid Antibody IgM,anti-phospholipid-antibody-igm,900,149,1550,0,3ml Serum,,120,10 Hours,1 day,5+ Years,TRUE,,both,0,,0,false,false,false,false,false,true,,,,,false,,,
test,ASMA,Anti Smooth Muscle Antibody,anti-smooth-muscle-antibody,1800,150,3370,0,3ml Serum,,120,10 Hours,1 day,5+ Years,TRUE,,both,0,,0,false,false,false,false,false,true,,,,,false,,,
test,ASMA IF,Anti Smooth Muscle Antibody IFA,anti-smooth-muscle-antibody-ifa,1800,151,2770,0,3ml Serum,,120,10 Hours,1 day,5+ Years,TRUE,,both,0,,0,false,false,false,false,false,true,,,,,false,,,
test,ASAB,Anti Sperm Antibody,anti-sperm-antibody,900,152,1400,0,3ml Serum,,120,10 Hours,1 day,5+ Years,TRUE,,both,0,,0,false,false,false,false,false,true,,,,,false,,,
test,SSA,Anti SSA/Ro,anti-ssa/ro,1500,153,2520,0,3ml Serum,,120,10 Hours,1 day,5+ Years,TRUE,,both,0,,0,false,false,false,false,false,true,,,,,false,,,
test,SSB,Anti SSB/La,anti-ssb/la,1500,154,2320,0,3ml Serum,,120,10 Hours,1 day,5+ Years,TRUE,,both,0,,0,false,false,false,false,false,true,,,,,false,,,
test,ASO,Anti Streptolysin O,anti-streptolysin-o,550,155,830,0,3ml Serum,,120,10 Hours,1 day,5+ Years,TRUE,,both,0,,0,false,false,false,false,false,true,,,,,false,,,
test,AT-III,AntiThrombin III,antithrombin-iii,2000,156,2460,0,3ml Sod.Citrate,,120,10 Hours,1 day,5+ Years,TRUE,,both,0,,0,false,false,false,false,false,true,,,,,false,,,
test,ATG,AntiThyroglobulin Antibody,antithyroglobulin-antibody,1300,157,1580,0,3ml Serum,,120,10 Hours,1 day,5+ Years,TRUE,,both,0,,0,false,false,false,false,false,true,,,,,false,,,
test,CENTRAB,Anti-Centromere Ab.,anti-centromere-ab.,1450,158,2650,0,3ml Serum,,120,10 Hours,1 day,5+ Years,TRUE,,both,0,,0,false,false,false,false,false,true,,,,,false,,,
test,APO A1,Apo Lipoprotein A1,apo-lipoprotein-a1,600,159,1070,0,3ml Serum,,120,10 Hours,1 day,5+ Years,TRUE,,both,0,,0,false,false,false,false,false,true,,,,,false,,,
test,APO B,Apo Lipoprotein- B,apo-lipoprotein--b,600,160,1200,0,3ml Serum,,120,10 Hours,1 day,5+ Years,TRUE,,both,0,,0,false,false,false,false,false,true,,,,,false,,,
test,ASCA,Anti-Saccharomyces cerevisiae antibodies-IgA,anti-saccharomyces-cerevisiae-antibodies-iga,1450,161,1970,0,3ml Serum,,120,10 Hours,1 day,5+ Years,TRUE,,both,0,,0,false,false,false,false,false,true,,,,,false,,,
test,ASCG,Anti-Saccharomyces cerevisiae antibodies-IgG,anti-saccharomyces-cerevisiae-antibodies-igg,1450,162,2650,0,3ml Serum,,120,10 Hours,1 day,5+ Years,TRUE,,both,0,,0,false,false,false,false,false,true,,,,,false,,,
test,ASPE,Aspergillus IgE,aspergillus-ige,1800,163,2210,0,3ml Serum,,120,10 Hours,1 day,5+ Years,TRUE,,both,0,,0,false,false,false,false,false,true,,,,,false,,,
test,ASPG,Aspergillus IgG,aspergillus-igg,1800,164,2470,0,3ml Serum,,120,10 Hours,1 day,5+ Years,TRUE,,both,0,,0,false,false,false,false,false,true,,,,,false,,,
test,ASPM,Aspergillus IgM,aspergillus-igm,1800,165,1920,0,3ml Serum,,120,10 Hours,1 day,5+ Years,TRUE,,both,0,,0,false,false,false,false,false,true,,,,,false,,,
test,B2GA,B2-Glycoprotein IgA,b2-glycoprotein-iga,950,166,1460,0,3ml Serum,,120,10 Hours,1 day,5+ Years,TRUE,,both,0,,0,false,false,false,false,false,true,,,,,false,,,
test,B2GG,B2-Glycoprotein IgG,b2-glycoprotein-igg,950,167,1520,0,3ml Serum,,120,10 Hours,1 day,5+ Years,TRUE,,both,0,,0,false,false,false,false,false,true,,,,,false,,,
test,B2GM,B2-Glycoprotein IgM,b2-glycoprotein-igm,950,168,1760,0,3ml Serum,,120,10 Hours,1 day,5+ Years,TRUE,,both,0,,0,false,false,false,false,false,true,,,,,false,,,
test,BCRABL,BCR ABL Quantitative (RealTime PCR),bcr-abl-quantitative-realtime-pcr,6000,169,10050,0,4ml EDTA,,120,10 Hours,1 day,5+ Years,TRUE,,both,0,,0,false,false,false,false,false,true,,,,,false,,,
test,BJP-U,Bence Jones Protein Urine,bence-jones-protein-urine,500,170,800,0,10ml Urine,,120,10 Hours,1 day,5+ Years,TRUE,,both,0,,0,false,false,false,false,false,true,,,,,false,,,
test,Beta HCG-F,Beta HCG-Free,beta-hcg-free,700,171,1000,0,3ml Serum,,120,10 Hours,1 day,5+ Years,TRUE,,both,0,,0,false,false,false,false,false,true,,,,,false,,,
test,Beta HCG-T,Beta HCG-Total,beta-hcg-total,600,172,860,0,3ml Serum,,120,10 Hours,1 day,5+ Years,TRUE,,both,0,,0,false,false,false,false,false,true,,,,,false,,,
test,B2MP,Beta-2 Microglobulin,beta-2-microglobulin,1300,173,2090,0,3ml Serum/5ml Urine,,120,10 Hours,1 day,5+ Years,TRUE,,both,0,,0,false,false,false,false,false,true,,,,,false,,,
test,HCO3,Bicarbonate,bicarbonate,700,174,1160,0,3ml Serum,,120,10 Hours,1 day,5+ Years,TRUE,,both,0,,0,false,false,false,false,false,true,,,,,false,,,
test,B.Acid,Bile Acid,bile-acid,1500,175,2210,0,3ml Serum,,120,10 Hours,1 day,5+ Years,TRUE,,both,0,,0,false,false,false,false,false,true,,,,,false,,,
test,BILP,Bile Pigments,bile-pigments,150,176,280,0,10ml Urine,,120,10 Hours,1 day,5+ Years,TRUE,,both,0,,0,false,false,false,false,false,true,,,,,false,,,
test,BILS,Bile Salts,bile-salts,150,177,270,0,10ml Urine,,120,10 Hours,1 day,5+ Years,TRUE,,both,0,,0,false,false,false,false,false,true,,,,,false,,,
test,BIL-D,Bilirubin Direct,bilirubin-direct,140,178,270,0,3ml Serum,,120,10 Hours,1 day,5+ Years,TRUE,,both,0,,0,false,false,false,false,false,true,,,,,false,,,
test,BIL-T,Bilirubin Total,bilirubin-total,200,179,360,0,3ml Serum,,120,10 Hours,1 day,5+ Years,TRUE,,both,0,,0,false,false,false,false,false,true,,,,,false,,,
test,BKV-PCR,BK Virus Quantitative-Real Time PCR,bk-virus-quantitative-real-time-pcr,7000,180,11950,0,3ml EDTA/5ml Urine,,120,10 Hours,1 day,5+ Years,TRUE,,both,0,,0,false,false,false,false,false,true,,,,,false,,,
test,BL C/S,Blood Culture & Sensitivity,blood-culture-&-sensitivity,900,181,1000,0,Blood Culture Bottle,,120,10 Hours,1 day,5+ Years,TRUE,,both,0,,0,false,false,false,false,false,true,,,,,false,,,
test,BSF,Blood Glucose Fasting,blood-glucose-fasting,80,182,#NUM!,0,2ml Fluoride,,120,10 Hours,1 day,5+ Years,TRUE,,both,0,,0,false,false,false,false,false,true,,,,,false,,,
test,BSP,Blood Glucose PP,blood-glucose-pp,80,183,#NUM!,0,2ml Fluoride,,120,10 Hours,1 day,5+ Years,TRUE,,both,0,,0,false,false,false,false,false,true,,,,,false,,,
test,BSR,Blood Glucose Random,blood-glucose-random,80,184,#NUM!,0,2ml Fluoride,,120,10 Hours,1 day,5+ Years,TRUE,,both,0,,0,false,false,false,false,false,true,,,,,false,,,
test,BG,Blood Group (ABO & Rh Factor),blood-group-abo-&-rh-factor,120,185,240,0,3ml EDTA,,120,10 Hours,1 day,5+ Years,TRUE,,both,0,,0,false,false,false,false,false,true,,,,,false,,,
test,BUN,Blood Urea Nitrogen (BUN),blood-urea-nitrogen-bun,140,186,250,0,3ml Serum,,120,10 Hours,1 day,5+ Years,TRUE,,both,0,,0,false,false,false,false,false,true,,,,,false,,,
test,BNP,BNP (Heart Failure Marker),bnp-heart-failure-marker,2500,187,4210,0,3ml EDTA,,120,10 Hours,1 day,5+ Years,TRUE,,both,0,,0,false,false,false,false,false,true,,,,,false,,,
test,B.MRW,Bone Marrow Examination,bone-marrow-examination,1000,188,1650,0,Slide/2ml EDTA,,120,10 Hours,1 day,5+ Years,TRUE,,both,0,,0,false,false,false,false,false,true,,,,,false,,,
test,BRU-IgG,Brucella IgG,brucella-igg,1250,189,2130,0,3ml Serum,,120,10 Hours,1 day,5+ Years,TRUE,,both,0,,0,false,false,false,false,false,true,,,,,false,,,
test,BRU-IgM,Brucella IgM,brucella-igm,1250,190,2120,0,3ml Serum,,120,10 Hours,1 day,5+ Years,TRUE,,both,0,,0,false,false,false,false,false,true,,,,,false,,,
test,C1EST,C1 Esterase Inhibitor,c1-esterase-inhibitor,4500,191,7780,0,3ml Serum,,120,10 Hours,1 day,5+ Years,TRUE,,both,0,,0,false,false,false,false,false,true,,,,,false,,,
test,CA 125,Ca 125 (Ovarian Cancer),ca-125-ovarian-cancer,1200,192,2190,0,3ml Serum,,120,10 Hours,1 day,5+ Years,TRUE,,both,0,,0,false,false,false,false,false,true,,,,,false,,,
test,CA 15.5,Ca 15.3 (Breast Cancer),ca-15.3-breast-cancer,1300,193,1980,0,3ml Serum,,120,10 Hours,1 day,5+ Years,TRUE,,both,0,,0,false,false,false,false,false,true,,,,,false,,,
test,CA 19.9,Ca 19.9 (Pancreatic Cancer),ca-19.9-pancreatic-cancer,1300,194,1990,0,3ml Serum,,120,10 Hours,1 day,5+ Years,TRUE,,both,0,,0,false,false,false,false,false,true,,,,,false,,,
test,CA 50,CA 50(Colorectal Cancer),ca-5colorectal-cancer,1600,195,3120,0,3ml Serum,,120,10 Hours,1 day,5+ Years,TRUE,,both,0,,0,false,false,false,false,false,true,,,,,false,,,
test,CA-72.4,CA-72.4(Gastric Cancer),ca-72.4gastric-cancer,1800,196,3460,0,3ml Serum,,120,10 Hours,1 day,5+ Years,TRUE,,both,0,,0,false,false,false,false,false,true,,,,,false,,,
test,CALT,Calcitonin,calcitonin,2000,197,3360,0,3ml Serum,,120,10 Hours,1 day,5+ Years,TRUE,,both,0,,0,false,false,false,false,false,true,,,,,false,,,
test,CAL,Calcium,calcium,160,198,310,0,3ml Serum,,120,10 Hours,1 day,5+ Years,TRUE,,both,0,,0,false,false,false,false,false,true,,,,,false,,,
test,i-CAL,Calcium Ionized,calcium-ionized,500,199,930,0,3ml Serum,,120,10 Hours,1 day,5+ Years,TRUE,,both,0,,0,false,false,false,false,false,true,,,,,false,,,
test,CARB,Carbamazepine,carbamazepine,850,200,1240,0,3ml Serum,,120,10 Hours,1 day,5+ Years,TRUE,,both,0,,0,false,false,false,false,false,true,,,,,false,,,
test,CEA,Carcino Embryonic Antigen,carcino-embryonic-antigen,750,201,1380,0,3ml Serum,,120,10 Hours,1 day,5+ Years,TRUE,,both,0,,0,false,false,false,false,false,true,,,,,false,,,
test,CATCHOL,Catecholamine*,catecholamine*,6000,202,11920,0,3ml Serum,,120,10 Hours,1 day,5+ Years,TRUE,,both,0,,0,false,false,false,false,false,true,,,,,false,,,
test,CDNK,CD16/56 NK cells,cd16/56-nk-cells,4000,203,5660,0,3ml EDTA,,120,10 Hours,1 day,5+ Years,TRUE,,both,0,,0,false,false,false,false,false,true,,,,,false,,,
test,CD19,CD19,cd19,3200,204,4940,0,3ml EDTA,,120,10 Hours,1 day,5+ Years,TRUE,,both,0,,0,false,false,false,false,false,true,,,,,false,,,
test,CD COUNT,"CD3,CD4,CD8","cd3,cd4,cd8",2500,205,4070,0,3ml EDTA,,120,10 Hours,1 day,5+ Years,TRUE,,both,0,,0,false,false,false,false,false,true,,,,,false,,,
test,CER,Ceruloplasmin,ceruloplasmin,1150,206,2010,0,3ml Serum,,120,10 Hours,1 day,5+ Years,TRUE,,both,0,,0,false,false,false,false,false,true,,,,,false,,,
test,CHIK PCR,Chikungunya By RealTime PCR,chikungunya-by-realtime-pcr,4500,207,7230,0,3ml EDTA,,120,10 Hours,1 day,5+ Years,TRUE,,both,0,,0,false,false,false,false,false,true,,,,,false,,,
test,CHIK-M,Chikungunya IgM,chikungunya-igm,800,208,1590,0,3ml Serum,,120,10 Hours,1 day,5+ Years,TRUE,,both,0,,0,false,false,false,false,false,true,,,,,false,,,
test,Chlm-G,Chlamydia IgG,chlamydia-igg,800,209,1280,0,3ml Serum,,120,10 Hours,1 day,5+ Years,TRUE,,both,0,,0,false,false,false,false,false,true,,,,,false,,,
test,Chlm-M,Chlamydia IgM,chlamydia-igm,800,210,1300,0,3ml Serum,,120,10 Hours,1 day,5+ Years,TRUE,,both,0,,0,false,false,false,false,false,true,,,,,false,,,
test,CI,Chloride,chloride,150,211,280,0,3ml Serum,,120,10 Hours,1 day,5+ Years,TRUE,,both,0,,0,false,false,false,false,false,true,,,,,false,,,
test,CHOL,Cholestrol,cholestrol,160,212,270,0,3ml Serum,,120,10 Hours,1 day,5+ Years,TRUE,,both,0,,0,false,false,false,false,false,true,,,,,false,,,
test,CHOLI,Cholinestrase,cholinestrase,600,213,830,0,3ml Serum,,120,10 Hours,1 day,5+ Years,TRUE,,both,0,,0,false,false,false,false,false,true,,,,,false,,,
test,CHRMA,Chromogranin A Level,chromogranin-a-level,6000,214,8060,0,3ml Serum,,120,10 Hours,1 day,5+ Years,TRUE,,both,0,,0,false,false,false,false,false,true,,,,,false,,,
test,CLOSA/B,Clostridium Difficile GDH Reflex Toxin A/B,clostridium-difficile-gdh-reflex-toxin-a/b,4500,215,5690,0,100gm stool,,120,10 Hours,1 day,5+ Years,TRUE,,both,0,,0,false,false,false,false,false,true,,,,,false,,,
test,tTG+DGP,Coeliac Fusion tTG+DGP,coeliac-fusion-ttg+dgp,2000,216,2140,0,3ml Serum,,120,10 Hours,1 day,5+ Years,TRUE,,both,0,,0,false,false,false,false,false,true,,,,,false,,,
test,C3,Complement Component C3,complement-component-c3,700,217,840,0,3ml Serum,,120,10 Hours,1 day,5+ Years,TRUE,,both,0,,0,false,false,false,false,false,true,,,,,false,,,
test,C4,Complement Component C4,complement-component-c4,700,218,1370,0,3ml Serum,,120,10 Hours,1 day,5+ Years,TRUE,,both,0,,0,false,false,false,false,false,true,,,,,false,,,
test,CBC,Complete Blood Count,complete-blood-count,350,219,490,0,3ml EDTA,,120,10 Hours,1 day,5+ Years,TRUE,,both,0,,0,false,false,false,false,false,true,,,,,false,,,
test,CBCPS,Complete Haemogram (CBC ESR P/S),complete-haemogram-cbc-esr-p/s,500,220,750,0,3ml EDTA,,120,10 Hours,1 day,5+ Years,TRUE,,both,0,,0,false,false,false,false,false,true,,,,,false,,,
test,CONT,Contact Allergy,contact-allergy,3000,221,4280,0,3ml Serum,,120,10 Hours,1 day,5+ Years,TRUE,,both,0,,0,false,false,false,false,false,true,,,,,false,,,
test,DCT,CoombsTest Direct,coombstest-direct,500,222,710,0,3ml EDTA,,120,10 Hours,1 day,5+ Years,TRUE,,both,0,,0,false,false,false,false,false,true,,,,,false,,,
test,ICT,CoombsTest Indirect,coombstest-indirect,500,223,820,0,3ml Serum,,120,10 Hours,1 day,5+ Years,TRUE,,both,0,,0,false,false,false,false,false,true,,,,,false,,,
test,Cop-S,Copper (Serum),copper-serum,1200,224,1520,0,3ml Serum,,120,10 Hours,1 day,5+ Years,TRUE,,both,0,,0,false,false,false,false,false,true,,,,,false,,,
test,Cop-U,Copper (Urine),copper-urine,1800,225,3270,0,5ml Urine,,120,10 Hours,1 day,5+ Years,TRUE,,both,0,,0,false,false,false,false,false,true,,,,,false,,,
test,CORR,Cortisol Random,cortisol-random,800,226,1320,0,3ml Serum,,120,10 Hours,1 day,5+ Years,TRUE,,both,0,,0,false,false,false,false,false,true,,,,,false,,,
test,CORA,Cortisol AM,cortisol-am,800,227,1550,0,3ml Serum,,120,10 Hours,1 day,5+ Years,TRUE,,both,0,,0,false,false,false,false,false,true,,,,,false,,,
test,CORP,Cortisol PM,cortisol-pm,800,228,1440,0,3ml Serum,,120,10 Hours,1 day,5+ Years,TRUE,,both,0,,0,false,false,false,false,false,true,,,,,false,,,
test,CPSF,C-Peptide Fasting,c-peptide-fasting,900,229,1170,0,3ml Serum,,120,10 Hours,1 day,5+ Years,TRUE,,both,0,,0,false,false,false,false,false,true,,,,,false,,,
test,CPSP,C-Peptide PP,c-peptide-pp,900,230,1130,0,3ml Serum,,120,10 Hours,1 day,5+ Years,TRUE,,both,0,,0,false,false,false,false,false,true,,,,,false,,,
test,CPS,C-Peptide,c-peptide,900,231,1710,0,3ml Serum,,120,10 Hours,1 day,5+ Years,TRUE,,both,0,,0,false,false,false,false,false,true,,,,,false,,,
test,CRP,C-Reactive Protein,c-reactive-protein,500,232,840,0,3ml Serum,,120,10 Hours,1 day,5+ Years,TRUE,,both,0,,0,false,false,false,false,false,true,,,,,false,,,
test,CPK-MB,Creatine Phospho Kinase MB,creatine-phospho-kinase-mb,450,233,860,0,3ml Serum,,120,10 Hours,1 day,5+ Years,TRUE,,both,0,,0,false,false,false,false,false,true,,,,,false,,,
test,Cre,Creatinine,creatinine,150,234,250,0,3ml Serum,,120,10 Hours,1 day,5+ Years,TRUE,,both,0,,0,false,false,false,false,false,true,,,,,false,,,
test,CPK/CKNAK,Creatinine Phospho Kinase,creatinine-phospho-kinase,400,235,720,0,3ml Serum,,120,10 Hours,1 day,5+ Years,TRUE,,both,0,,0,false,false,false,false,false,true,,,,,false,,,
test,CSF-CUL,CSF Culture,csf-culture,700,236,850,0,CSF,,120,10 Hours,1 day,5+ Years,TRUE,,both,0,,0,false,false,false,false,false,true,,,,,false,,,
test,FL-CUL,Culture (Fluid),culture-fluid,700,237,1150,0,Fluid,,120,10 Hours,1 day,5+ Years,TRUE,,both,0,,0,false,false,false,false,false,true,,,,,false,,,
test,Cysti-G,Cysticercosis IgG,cysticercosis-igg,1300,238,2380,0,3ml Serum,,120,10 Hours,1 day,5+ Years,TRUE,,both,0,,0,false,false,false,false,false,true,,,,,false,,,
test,CYTO,Cytology,cytology,600,239,870,0,Fluid/Urine/Sputum/Pus,,120,10 Hours,1 day,5+ Years,TRUE,,both,0,,0,false,false,false,false,false,true,,,,,false,,,
test,CYTO-MG,Cytology for Malignancy,cytology-for-malignancy,500,240,780,0,Fluid/Urine/Sputum,,120,10 Hours,1 day,5+ Years,TRUE,,both,0,,0,false,false,false,false,false,true,,,,,false,,,
test,CMV-Avidity,Cytomegalovirus Avidity IgG,cytomegalovirus-avidity-igg,640,241,990,0,3ml Serum,,120,10 Hours,1 day,5+ Years,TRUE,,both,0,,0,false,false,false,false,false,true,,,,,false,,,
test,CMV-PCR,Cytomegalovirus DNA PCR Quantitative,cytomegalovirus-dna-pcr-quantitative,7000,242,10050,0,3ml EDTA,,120,10 Hours,1 day,5+ Years,TRUE,,both,0,,0,false,false,false,false,false,true,,,,,false,,,
test,CMV-IgG,Cytomegalovirus IgG Antibody,cytomegalovirus-igg-antibody,640,243,950,0,3ml Serum,,120,10 Hours,1 day,5+ Years,TRUE,,both,0,,0,false,false,false,false,false,true,,,,,false,,,
test,CMV-IgM,Cytomegalovirus IgM Antibody,cytomegalovirus-igm-antibody,640,244,740,0,3ml Serum,,120,10 Hours,1 day,5+ Years,TRUE,,both,0,,0,false,false,false,false,false,true,,,,,false,,,
test,D-Dimer,D-Dimer,d-dimer,1100,245,1270,0,3ml Plasma Citrate,,120,10 Hours,1 day,5+ Years,TRUE,,both,0,,0,false,false,false,false,false,true,,,,,false,,,
test,5?-DHT,(Di-Hydrotestosterone)5-Alpha DHT,di-hydrotestosterone5-alpha-dht,2500,246,3690,0,3ml Serum,,120,10 Hours,1 day,5+ Years,TRUE,,both,0,,0,false,false,false,false,false,true,,,,,false,,,
test,DHEA,Dehydroepiandrosterone,dehydroepiandrosterone,2400,247,2980,0,3ml Serum,,120,10 Hours,1 day,5+ Years,TRUE,,both,0,,0,false,false,false,false,false,true,,,,,false,,,
test,DHEA-S,Dehydroepiandrosterone-Sulphate,dehydroepiandrosterone-sulphate,1000,248,1260,0,3ml Serum,,120,10 Hours,1 day,5+ Years,TRUE,,both,0,,0,false,false,false,false,false,true,,,,,false,,,
test,NS1,Dengue Antigen NS1-Rapid/Elisa,dengue-antigen-ns1-rapid/elisa,600,249,1000,0,3ml EDTA/Serum,,120,10 Hours,1 day,5+ Years,TRUE,,both,0,,0,false,false,false,false,false,true,,,,,false,,,
test,DEN-G,Dengue IgG-Rapid/Elisa,dengue-igg-rapid/elisa,600,250,940,0,3ml EDTA/Serum,,120,10 Hours,1 day,5+ Years,TRUE,,both,0,,0,false,false,false,false,false,true,,,,,false,,,
test,DEN-M,Dengue IgM-Rapid/Elisa,dengue-igm-rapid/elisa,600,251,940,0,3ml EDTA/Serum,,120,10 Hours,1 day,5+ Years,TRUE,,both,0,,0,false,false,false,false,false,true,,,,,false,,,
test,DEN-PCR,Dengue PCR (RealTime PCR),dengue-pcr-realtime-pcr,4500,252,6610,0,3ml EDTA,,120,10 Hours,1 day,5+ Years,TRUE,,both,0,,0,false,false,false,false,false,true,,,,,false,,,
test,DSG1,Desmoglein I Antibody,desmoglein-i-antibody,6500,253,6950,0,3ml Serum,,120,10 Hours,1 day,5+ Years,TRUE,,both,0,,0,false,false,false,false,false,true,,,,,false,,,
test,DSG3,Desmoglein III Antibody,desmoglein-iii-antibody,6500,254,10560,0,3ml Serum,,120,10 Hours,1 day,5+ Years,TRUE,,both,0,,0,false,false,false,false,false,true,,,,,false,,,
test,DIG,Digoxin,digoxin,900,255,1730,0,3ml Serum,,120,10 Hours,1 day,5+ Years,TRUE,,both,0,,0,false,false,false,false,false,true,,,,,false,,,
test,DNAIF,DNA (Double Strand) Antibody by IFA,dna-double-strand-antibody-by-ifa,4000,256,7650,0,3ml Serum,,120,10 Hours,1 day,5+ Years,TRUE,,both,0,,0,false,false,false,false,false,true,,,,,false,,,
test,DRUG,Drugs Allergy,drugs-allergy,3000,257,3190,0,3ml Serum,,120,10 Hours,1 day,5+ Years,TRUE,,both,0,,0,false,false,false,false,false,true,,,,,false,,,
test,DABUS,Drugs of abuse screening [ 10 ],drugs-of-abuse-screening-[-1-],1000,258,1660,0,5ml Urine,,120,10 Hours,1 day,5+ Years,TRUE,,both,0,,0,false,false,false,false,false,true,,,,,false,,,
test,ELT,"Electrolytes (Na+,K+,CL+)","electrolytes-na+,k+,cl+",360,259,630,0,3ml Serum,,120,10 Hours,1 day,5+ Years,TRUE,,both,0,,0,false,false,false,false,false,true,,,,,false,,,
test,EBV-IgG,Epstein Barr Virus IgG,epstein-barr-virus-igg,1600,260,2330,0,3ml Serum,,120,10 Hours,1 day,5+ Years,TRUE,,both,0,,0,false,false,false,false,false,true,,,,,false,,,
test,EBV-IgM,Epstein Barr Virus IgM,epstein-barr-virus-igm,1600,261,1710,0,3ml Serum,,120,10 Hours,1 day,5+ Years,TRUE,,both,0,,0,false,false,false,false,false,true,,,,,false,,,
test,ESR,Erythrocyte Sedimentation Rate,erythrocyte-sedimentation-rate,120,262,240,0,3ml EDTA,,120,10 Hours,1 day,5+ Years,TRUE,,both,0,,0,false,false,false,false,false,true,,,,,false,,,
test,EPO,Erythropoietin,erythropoietin,1800,263,3600,0,3ml Serum,,120,10 Hours,1 day,5+ Years,TRUE,,both,0,,0,false,false,false,false,false,true,,,,,false,,,
test,E2,Estradiol (E2),estradiol-e2,700,264,1120,0,3ml Serum,,120,10 Hours,1 day,5+ Years,TRUE,,both,0,,0,false,false,false,false,false,true,,,,,false,,,
test,Ex Lp,Extended Lipid Profile,extended-lipid-profile,1000,265,1680,0,3ml Serum,,120,10 Hours,1 day,5+ Years,TRUE,,both,0,,0,false,false,false,false,false,true,,,,,false,,,
test,FAC-V,Factor-V,factor-v,3500,266,5050,0,3ml Sod.Citrate,,120,10 Hours,1 day,5+ Years,TRUE,,both,0,,0,false,false,false,false,false,true,,,,,false,,,
test,FAC-V LM,Factor V Leiden Mutation (RealTime PCR),factor-v-leiden-mutation-realtime-pcr,6500,267,9050,0,3ml EDTA,,120,10 Hours,1 day,5+ Years,TRUE,,both,0,,0,false,false,false,false,false,true,,,,,false,,,
test,FAC9,Factor-IX,factor-ix,3200,268,6150,0,3ml Sod. Citrate,,120,10 Hours,1 day,5+ Years,TRUE,,both,0,,0,false,false,false,false,false,true,,,,,false,,,
test,FAC-VIII,Factor-VIII,factor-viii,2500,269,3650,0,3ml Sod.Citrate,,120,10 Hours,1 day,5+ Years,TRUE,,both,0,,0,false,false,false,false,false,true,,,,,false,,,
test,FCP-Stool,Fecal Calprotectin,fecal-calprotectin,3000,270,5050,0,100gm Stool,,120,10 Hours,1 day,5+ Years,TRUE,,both,0,,0,false,false,false,false,false,true,,,,,false,,,
test,FER,Ferritin,ferritin,650,271,790,0,3ml Serum,,120,10 Hours,1 day,5+ Years,TRUE,,both,0,,0,false,false,false,false,false,true,,,,,false,,,
test,FIB,Fibrinogen,fibrinogen,750,272,1370,0,3ml Sod. Citrate,,120,10 Hours,1 day,5+ Years,TRUE,,both,0,,0,false,false,false,false,false,true,,,,,false,,,
test,FilAg,Filaria Antigen,filaria-antigen,850,273,1630,0,3ml EDTA,,120,10 Hours,1 day,5+ Years,TRUE,,both,0,,0,false,false,false,false,false,true,,,,,false,,,
test,FilAb,Filaria Serology IgG/IgM,filaria-serology-igg/igm,1700,274,3250,0,3ml Serum,,120,10 Hours,1 day,5+ Years,TRUE,,both,0,,0,false,false,false,false,false,true,,,,,false,,,
test,FNAC,Fine Needle Aspiration Cytology,fine-needle-aspiration-cytology,1000,275,1100,0,Slide/Fluid/Pus,,120,10 Hours,1 day,5+ Years,TRUE,,both,0,,0,false,false,false,false,false,true,,,,,false,,,
test,FCT,Fluid Cytology,fluid-cytology,500,276,970,0,Fluid,,120,10 Hours,1 day,5+ Years,TRUE,,both,0,,0,false,false,false,false,false,true,,,,,false,,,
test,FLUEX,Fluid Examination,fluid-examination,500,277,980,0,Fluid,,120,10 Hours,1 day,5+ Years,TRUE,,both,0,,0,false,false,false,false,false,true,,,,,false,,,
test,F-PROT,Fluid Protien,fluid-protien,400,278,670,0,Fluid,,120,10 Hours,1 day,5+ Years,TRUE,,both,0,,0,false,false,false,false,false,true,,,,,false,,,
test,F-Sug,Fluid Sugar,fluid-sugar,400,279,760,0,Fluid,,120,10 Hours,1 day,5+ Years,TRUE,,both,0,,0,false,false,false,false,false,true,,,,,false,,,
test,FA,Folic Acid,folic-acid,1000,280,1580,0,3ml Serum,,120,10 Hours,1 day,5+ Years,TRUE,,both,0,,0,false,false,false,false,false,true,,,,,false,,,
test,FSH,Follicle Stimulating Hormone,follicle-stimulating-hormone,500,281,810,0,3ml Serum,,120,10 Hours,1 day,5+ Years,TRUE,,both,0,,0,false,false,false,false,false,true,,,,,false,,,
test,FOOD C/S,Food Culture & Sensitivity,food-culture-&-sensitivity,750,282,1300,0,Any Food,,120,10 Hours,1 day,5+ Years,TRUE,,both,0,,0,false,false,false,false,false,true,,,,,false,,,
test,FAI,Free Androgen Index,free-androgen-index,2500,283,2890,0,3ml Serum,,120,10 Hours,1 day,5+ Years,TRUE,,both,0,,0,false,false,false,false,false,true,,,,,false,,,
test,FTESTO,Free Testosterone,free-testosterone,1500,284,2900,0,3ml Serum,,120,10 Hours,1 day,5+ Years,TRUE,,both,0,,0,false,false,false,false,false,true,,,,,false,,,
test,FPTPR,Free Total PSA Ratio,free-total-psa-ratio,900,285,1770,0,3ml Serum,,120,10 Hours,1 day,5+ Years,TRUE,,both,0,,0,false,false,false,false,false,true,,,,,false,,,
test,FRUCT,Fructosamine,fructosamine,800,286,1340,0,3ml Serum,,120,10 Hours,1 day,5+ Years,TRUE,,both,0,,0,false,false,false,false,false,true,,,,,false,,,
test,FTA-Abs,FTA-FluorescentTreponemal Antibody,fta-fluorescenttreponemal-antibody,2000,287,3980,0,3ml Serum,,120,10 Hours,1 day,5+ Years,TRUE,,both,0,,0,false,false,false,false,false,true,,,,,false,,,
test,Fungal C/S,Fungal Culture,fungal-culture,2000,288,3480,0,Any Fluid,,120,10 Hours,1 day,5+ Years,TRUE,,both,0,,0,false,false,false,false,false,true,,,,,false,,,
test,KOH,FUNGAL EXAMINATION(KOH),fungal-examinationkoh,300,289,400,0,Any Fluid,,120,10 Hours,1 day,5+ Years,TRUE,,both,0,,0,false,false,false,false,false,true,,,,,false,,,
test,GAL-AS,Galactomannan [Aspergillus Antigen],galactomannan-[aspergillus-antigen],5500,290,8350,0,3ml Serum/Sputum/BAL Fluid,,120,10 Hours,1 day,5+ Years,TRUE,,both,0,,0,false,false,false,false,false,true,,,,,false,,,
test,GGT,Gamma GlutamylTransferase,gamma-glutamyltransferase,280,291,560,0,3ml Serum,,120,10 Hours,1 day,5+ Years,TRUE,,both,0,,0,false,false,false,false,false,true,,,,,false,,,
test,GAST,Gastrin,gastrin,1200,292,2290,0,3ml Serum,,120,10 Hours,1 day,5+ Years,TRUE,,both,0,,0,false,false,false,false,false,true,,,,,false,,,
test,PS/GBP,Peripheral Smear/General Blood Picture,peripheral-smear/general-blood-picture,200,293,340,0,3ml EDTA,,120,10 Hours,1 day,5+ Years,TRUE,,both,0,,0,false,false,false,false,false,true,,,,,false,,,
test,AGG,Gliadin Ab IgG,gliadin-ab-igg,1800,294,2240,0,3ml Serum,,120,10 Hours,1 day,5+ Years,TRUE,,both,0,,0,false,false,false,false,false,true,,,,,false,,,
test,AGA,Gliadin Ab-IgA,gliadin-ab-iga,1800,295,2670,0,3ml Serum,,120,10 Hours,1 day,5+ Years,TRUE,,both,0,,0,false,false,false,false,false,true,,,,,false,,,
test,GFR,Glomerular Filtration Rate,glomerular-filtration-rate,200,296,390,0,3ml Serum,,120,10 Hours,1 day,5+ Years,TRUE,,both,0,,0,false,false,false,false,false,true,,,,,false,,,
test,G6PD,Glucose 6 Phosphate Dehydrogenase,glucose-6-phosphate-dehydrogenase,800,297,1440,0,3ml EDTA,,120,10 Hours,1 day,5+ Years,TRUE,,both,0,,0,false,false,false,false,false,true,,,,,false,,,
test,GCT,Glucose Challenge Test,glucose-challenge-test,100,298,200,0,2ml Fluoride,,120,10 Hours,1 day,5+ Years,TRUE,,both,0,,0,false,false,false,false,false,true,,,,,false,,,
test,GTT,Glucose tolerance test 100 Gm (4 Sample),glucose-tolerance-test-1-gm-4-sample,350,299,470,0,2ml Fluoride,,120,10 Hours,1 day,5+ Years,TRUE,,both,0,,0,false,false,false,false,false,true,,,,,false,,,
test,GTT,Glucose tolerance test 75 Gm (3 Sample),glucose-tolerance-test-75-gm-3-sample,300,300,560,0,2ml Fluoride,,120,10 Hours,1 day,5+ Years,TRUE,,both,0,,0,false,false,false,false,false,true,,,,,false,,,
test,GAD-65,Glutamic Acid Decarboxylase-65,glutamic-acid-decarboxylase-65,6000,301,7560,0,3ml Serum,,120,10 Hours,1 day,5+ Years,TRUE,,both,0,,0,false,false,false,false,false,true,,,,,false,,,
test,HbA1c,Glycosylated Hb,glycosylated-hb,450,302,660,0,3ml EDTA,,120,10 Hours,1 day,5+ Years,TRUE,,both,0,,0,false,false,false,false,false,true,,,,,false,,,
test,GRAM STAIN,Gram stain,gram-stain,400,303,530,0,Any Fluid/Urine/Sputum/ Pus,,120,10 Hours,1 day,5+ Years,TRUE,,both,0,,0,false,false,false,false,false,true,,,,,false,,,
test,GH,Growth Hormone,growth-hormone,800,304,1490,0,3ml Serum,,120,10 Hours,1 day,5+ Years,TRUE,,both,0,,0,false,false,false,false,false,true,,,,,false,,,
test,H.Py-Stool,H.Pylori Antigen,h.pylori-antigen,2500,305,4570,0,100 gm Stool,,120,10 Hours,1 day,5+ Years,TRUE,,both,0,,0,false,false,false,false,false,true,,,,,false,,,
test,HbA2,Haemoglobin Electrophoresis (HPLC),haemoglobin-electrophoresis-hplc,1000,306,1660,0,3ml EDTA,,120,10 Hours,1 day,5+ Years,TRUE,,both,0,,0,false,false,false,false,false,true,,,,,false,,,
test,HAPT,Haptoglobin,haptoglobin,2000,307,2210,0,3ml Serum,,120,10 Hours,1 day,5+ Years,TRUE,,both,0,,0,false,false,false,false,false,true,,,,,false,,,
test,HDL-C,HDL Cholesterol,hdl-cholesterol,250,308,420,0,3ml Serum,,120,10 Hours,1 day,5+ Years,TRUE,,both,0,,0,false,false,false,false,false,true,,,,,false,,,
test,HPYA,Helicobacter Pylori IgA,helicobacter-pylori-iga,1500,309,1880,0,3ml Serum,,120,10 Hours,1 day,5+ Years,TRUE,,both,0,,0,false,false,false,false,false,true,,,,,false,,,
test,HPYG,Helicobacter Pylori IgG,helicobacter-pylori-igg,1500,310,2030,0,3ml Serum,,120,10 Hours,1 day,5+ Years,TRUE,,both,0,,0,false,false,false,false,false,true,,,,,false,,,
test,HPYM,Helicobacter Pylori IgM,helicobacter-pylori-igm,1500,311,1980,0,3ml Serum,,120,10 Hours,1 day,5+ Years,TRUE,,both,0,,0,false,false,false,false,false,true,,,,,false,,,
test,HB,Hemoglobin,hemoglobin,100,312,200,0,3ml EDTA,,120,10 Hours,1 day,5+ Years,TRUE,,both,0,,0,false,false,false,false,false,true,,,,,false,,,
test,HAV-G,Hepatitis A Virus-IgG,hepatitis-a-virus-igg,1000,313,1620,0,3ml Serum,,120,10 Hours,1 day,5+ Years,TRUE,,both,0,,0,false,false,false,false,false,true,,,,,false,,,
test,HAV-M,Hepatitis A Virus-IgM,hepatitis-a-virus-igm,1000,314,1930,0,3ml Serum,,120,10 Hours,1 day,5+ Years,TRUE,,both,0,,0,false,false,false,false,false,true,,,,,false,,,
test,HAV-T,Hepatitis A Virus-Total,hepatitis-a-virus-total,1000,315,1190,0,3ml Serum,,120,10 Hours,1 day,5+ Years,TRUE,,both,0,,0,false,false,false,false,false,true,,,,,false,,,
test,HBcAB-M,Hepatitis B Core Antibody IgM,hepatitis-b-core-antibody-igm,1000,316,1710,0,3ml Serum,,120,10 Hours,1 day,5+ Years,TRUE,,both,0,,0,false,false,false,false,false,true,,,,,false,,,
test,HBcAB-T,Hepatitis B Core AntibodyTotal,hepatitis-b-core-antibodytotal,1000,317,1800,0,3ml Serum,,120,10 Hours,1 day,5+ Years,TRUE,,both,0,,0,false,false,false,false,false,true,,,,,false,,,
test,HBeAB,Hepatitis B Envelope Antibody (Anti-Hbe),hepatitis-b-envelope-antibody-anti-hbe,1000,318,1410,0,3ml Serum,,120,10 Hours,1 day,5+ Years,TRUE,,both,0,,0,false,false,false,false,false,true,,,,,false,,,
test,HBeAg,Hepatitis B Envelope Antigen (Hbe Ag),hepatitis-b-envelope-antigen-hbe-ag,1000,319,1870,0,3ml Serum,,120,10 Hours,1 day,5+ Years,TRUE,,both,0,,0,false,false,false,false,false,true,,,,,false,,,
test,HBsAb,Hepatitis B Surface Ab,hepatitis-b-surface-ab,1000,320,1530,0,3ml Serum,,120,10 Hours,1 day,5+ Years,TRUE,,both,0,,0,false,false,false,false,false,true,,,,,false,,,
test,HBsAg,Hepatitis B Surface Ag,hepatitis-b-surface-ag,500,321,860,0,3ml Serum,,120,10 Hours,1 day,5+ Years,TRUE,,both,0,,0,false,false,false,false,false,true,,,,,false,,,
test,HBV DNA,Hepatitis B Virus DNA PCR,hepatitis-b-virus-dna-pcr,4500,322,5460,0,3ml EDTA,,120,10 Hours,1 day,5+ Years,TRUE,,both,0,,0,false,false,false,false,false,true,,,,,false,,,
test,HCV RNA,Hepatitis C RNA Detection By PCR,hepatitis-c-rna-detection-by-pcr,4500,323,8420,0,3ml EDTA,,120,10 Hours,1 day,5+ Years,TRUE,,both,0,,0,false,false,false,false,false,true,,,,,false,,,
test,HCV Genotype,Hepatitis C Virus Genotyping (RealTime PCR),hepatitis-c-virus-genotyping-realtime-pcr,7000,324,8020,0,3ml EDTA,,120,10 Hours,1 day,5+ Years,TRUE,,both,0,,0,false,false,false,false,false,true,,,,,false,,,
test,HCV-IgG,Hepatitis C Virus IgG,hepatitis-c-virus-igg,1200,325,2090,0,3ml Serum,,120,10 Hours,1 day,5+ Years,TRUE,,both,0,,0,false,false,false,false,false,true,,,,,false,,,
test,HCV-IgM,Hepatitis C Virus IgM,hepatitis-c-virus-igm,1200,326,2240,0,3ml Serum,,120,10 Hours,1 day,5+ Years,TRUE,,both,0,,0,false,false,false,false,false,true,,,,,false,,,
test,HCV-Total,Hepatitis C VirusTotal,hepatitis-c-virustotal,1200,327,2370,0,3ml Serum,,120,10 Hours,1 day,5+ Years,TRUE,,both,0,,0,false,false,false,false,false,true,,,,,false,,,
test,HEV-G,Hepatitis E Virus IgG,hepatitis-e-virus-igg,1400,328,2240,0,3ml Serum,,120,10 Hours,1 day,5+ Years,TRUE,,both,0,,0,false,false,false,false,false,true,,,,,false,,,
test,HEV-M,Hepatitis E Virus IgM,hepatitis-e-virus-igm,1400,329,2310,0,3ml Serum,,120,10 Hours,1 day,5+ Years,TRUE,,both,0,,0,false,false,false,false,false,true,,,,,false,,,
test,HEV-T,Hepatitis E VirusTotal,hepatitis-e-virustotal,1400,330,2510,0,3ml Serum,,120,10 Hours,1 day,5+ Years,TRUE,,both,0,,0,false,false,false,false,false,true,,,,,false,,,
test,HSV-G I&II,Herpes Simplex Virus I&II IgG Combined,herpes-simplex-virus-i&ii-igg-combined,1000,331,1350,0,3ml Serum,,120,10 Hours,1 day,5+ Years,TRUE,,both,0,,0,false,false,false,false,false,true,,,,,false,,,
test,HSV-M I&II,Herpes Simplex Virus I&II IgM Combined,herpes-simplex-virus-i&ii-igm-combined,1000,332,1600,0,3ml Serum,,120,10 Hours,1 day,5+ Years,TRUE,,both,0,,0,false,false,false,false,false,true,,,,,false,,,
test,HSV-G I,Herpes Simplex Virus I IgG,herpes-simplex-virus-i-igg,700,333,1010,0,3ml Serum,,120,10 Hours,1 day,5+ Years,TRUE,,both,0,,0,false,false,false,false,false,true,,,,,false,,,
test,HSV-M I,Herpes Simplex Virus I IgM,herpes-simplex-virus-i-igm,700,334,910,0,3ml Serum,,120,10 Hours,1 day,5+ Years,TRUE,,both,0,,0,false,false,false,false,false,true,,,,,false,,,
test,HSV-G II,Herpes Simplex Virus II IgG,herpes-simplex-virus-ii-igg,700,335,1300,0,3ml Serum,,120,10 Hours,1 day,5+ Years,TRUE,,both,0,,0,false,false,false,false,false,true,,,,,false,,,
test,HSV-M II,Herpes Simplex Virus II IgM,herpes-simplex-virus-ii-igm,700,336,1020,0,3ml Serum,,120,10 Hours,1 day,5+ Years,TRUE,,both,0,,0,false,false,false,false,false,true,,,,,false,,,
test,HISTLXL,Histopathology (Extra Large),histopathology-extra-large,3000,337,3910,0,Tissue,,120,10 Hours,1 day,5+ Years,TRUE,,both,0,,0,false,false,false,false,false,true,,,,,false,,,
test,HISTLL,Histopathology (Large),histopathology-large,2000,338,2210,0,Tissue,,120,10 Hours,1 day,5+ Years,TRUE,,both,0,,0,false,false,false,false,false,true,,,,,false,,,
test,HISTM,Histopathology (Medium),histopathology-medium,1500,339,2420,0,Tissue,,120,10 Hours,1 day,5+ Years,TRUE,,both,0,,0,false,false,false,false,false,true,,,,,false,,,
test,HISTS,Histopathology(Small),histopathologysmall,800,340,930,0,Tissue,,120,10 Hours,1 day,5+ Years,TRUE,,both,0,,0,false,false,false,false,false,true,,,,,false,,,
test,HIV,HIV I & II & P24 Combo,hiv-i-&-ii-&-p24-combo,800,341,1350,0,3ml Serum,,120,10 Hours,1 day,5+ Years,TRUE,,both,0,,0,false,false,false,false,false,true,,,,,false,,,
test,HIV RNA,HIV Quantitative (Viral Load) (PCR),hiv-quantitative-viral-load-pcr,5500,342,8240,0,3ml EDTA,,120,10 Hours,1 day,5+ Years,TRUE,,both,0,,0,false,false,false,false,false,true,,,,,false,,,
test,HIV-Wes,HIV-Westeron Blot,hiv-westeron-blot,3600,343,3950,0,3ml Serum/3ml EDTA,,120,10 Hours,1 day,5+ Years,TRUE,,both,0,,0,false,false,false,false,false,true,,,,,false,,,
test,HLAB27 Flow,HLA-B27 Flowcytometry,hla-b27-flowcytometry,2000,344,3580,0,3ml EDTA,,120,10 Hours,1 day,5+ Years,TRUE,,both,0,,0,false,false,false,false,false,true,,,,,false,,,
test,HLA B27,HLA-B27 PCR,hla-b27-pcr,2600,345,4680,0,3ml EDTA,,120,10 Hours,1 day,5+ Years,TRUE,,both,0,,0,false,false,false,false,false,true,,,,,false,,,
test,Ho-IR,Homa-IR,homa-ir,1000,346,1950,0,3ml Serum/Fluoride,,120,10 Hours,1 day,5+ Years,TRUE,,both,0,,0,false,false,false,false,false,true,,,,,false,,,
test,HCY,Homocysteine,homocysteine,1000,347,2000,0,3ml Serum,,120,10 Hours,1 day,5+ Years,TRUE,,both,0,,0,false,false,false,false,false,true,,,,,false,,,
test,Hs-CRP,Hs C-Reactive Protien Cardio(High Sensitive),hs-c-reactive-protien-cardiohigh-sensitive,750,348,1260,0,3ml Serum,,120,10 Hours,1 day,5+ Years,TRUE,,both,0,,0,false,false,false,false,false,true,,,,,false,,,
test,HSV I&II,HSV I & II Qualitative (RealTime PCR),hsv-i-&-ii-qualitative-realtime-pcr,4500,349,8440,0,3ml EDTA,,120,10 Hours,1 day,5+ Years,TRUE,,both,0,,0,false,false,false,false,false,true,,,,,false,,,
test,HE 4,Human Epidymis protein-4,human-epidymis-protein-4,2250,350,4280,0,3ml Serum,,120,10 Hours,1 day,5+ Years,TRUE,,both,0,,0,false,false,false,false,false,true,,,,,false,,,
test,HPV DNA PCR,Human Papiloma Virus-RealTime PCR,human-papiloma-virus-realtime-pcr,3000,351,5300,0,Swab/Fluid,,120,10 Hours,1 day,5+ Years,TRUE,,both,0,,0,false,false,false,false,false,true,,,,,false,,,
test,HYDS,Hydatid Serology,hydatid-serology,1200,352,1670,0,3ml Serum,,120,10 Hours,1 day,5+ Years,TRUE,,both,0,,0,false,false,false,false,false,true,,,,,false,,,
test,IgE,Total IgE Level ((Immunoglobulin-E),total-ige-level-immunoglobulin-e,800,353,1600,0,3ml Serum,,120,10 Hours,1 day,5+ Years,TRUE,,both,0,,0,false,false,false,false,false,true,,,,,false,,,
test,IgA,Immunoglobulin-A,immunoglobulin-a,600,354,700,0,3ml Serum,,120,10 Hours,1 day,5+ Years,TRUE,,both,0,,0,false,false,false,false,false,true,,,,,false,,,
test,IgG,Immunoglobulin-G,immunoglobulin-g,600,355,770,0,3ml Serum,,120,10 Hours,1 day,5+ Years,TRUE,,both,0,,0,false,false,false,false,false,true,,,,,false,,,
test,IgM,Immunoglobulin-M,immunoglobulin-m,600,356,1110,0,3ml Serum,,120,10 Hours,1 day,5+ Years,TRUE,,both,0,,0,false,false,false,false,false,true,,,,,false,,,
test,INDK,India Ink CSF,india-ink-csf,350,357,700,0,CSF,,120,10 Hours,1 day,5+ Years,TRUE,,both,0,,0,false,false,false,false,false,true,,,,,false,,,
test,ICTIR,Indirect Coombs Test (ICT Titre),indirect-coombs-test-ict-titre,500,358,650,0,3ml Serum,,120,10 Hours,1 day,5+ Years,TRUE,,both,0,,0,false,false,false,false,false,true,,,,,false,,,
test,INHL,Inhalant Allergy,inhalant-allergy,3000,359,3650,0,3ml Serum,,120,10 Hours,1 day,5+ Years,TRUE,,both,0,,0,false,false,false,false,false,true,,,,,false,,,
test,INH-A,Inhibin-A,inhibin-a,1500,360,1740,0,3ml Serum,,120,10 Hours,1 day,5+ Years,TRUE,,both,0,,0,false,false,false,false,false,true,,,,,false,,,
test,Inh-B,Inhibin-B,inhibin-b,2000,361,3940,0,3ml Serum,,120,10 Hours,1 day,5+ Years,TRUE,,both,0,,0,false,false,false,false,false,true,,,,,false,,,
test,Phos,Inorganic phosphorus,inorganic-phosphorus,500,362,690,0,3ml Serum,,120,10 Hours,1 day,5+ Years,TRUE,,both,0,,0,false,false,false,false,false,true,,,,,false,,,
test,INSF,Insulin-Fasting,insulin-fasting,800,363,1540,0,3ml Serum,,120,10 Hours,1 day,5+ Years,TRUE,,both,0,,0,false,false,false,false,false,true,,,,,false,,,
test,IGF-1,Insulin-like growth factor 1,insulin-like-growth-factor-1,3000,364,5520,0,3ml Serum,,120,10 Hours,1 day,5+ Years,TRUE,,both,0,,0,false,false,false,false,false,true,,,,,false,,,
test,INSP,Insulin-PP,insulin-pp,800,365,1010,0,3ml Serum,,120,10 Hours,1 day,5+ Years,TRUE,,both,0,,0,false,false,false,false,false,true,,,,,false,,,
test,INSR,Insulin-Random,insulin-random,800,366,1100,0,3ml Serum,,120,10 Hours,1 day,5+ Years,TRUE,,both,0,,0,false,false,false,false,false,true,,,,,false,,,
test,IPTH,PTH (Parathyroid Hormone)- Intact,pth-parathyroid-hormone--intact,1500,367,2420,0,3ml Serum,,120,10 Hours,1 day,5+ Years,TRUE,,both,0,,0,false,false,false,false,false,true,,,,,false,,,
test,IL-6,Interleukin-6,interleukin-6,3000,368,3850,0,3ml Serum,,120,10 Hours,1 day,5+ Years,TRUE,,both,0,,0,false,false,false,false,false,true,,,,,false,,,
test,IRN,Iron,iron,300,369,440,0,3ml Serum,,120,10 Hours,1 day,5+ Years,TRUE,,both,0,,0,false,false,false,false,false,true,,,,,false,,,
test,IRONTIBC,IronTIBC Saturation %,irontibc-saturation-%,600,370,990,0,3ml Serum,,120,10 Hours,1 day,5+ Years,TRUE,,both,0,,0,false,false,false,false,false,true,,,,,false,,,
test,JAK2,JAK2 V617F Qualitative PCR,jak2-v617f-qualitative-pcr,7000,371,11480,0,3ml EDTA,,120,10 Hours,1 day,5+ Years,TRUE,,both,0,,0,false,false,false,false,false,true,,,,,false,,,
test,Lesim-Ab,Kala-Azar (Leishmania-Ab),kala-azar-leishmania-ab,1200,372,1410,0,3ml Serum,,120,10 Hours,1 day,5+ Years,TRUE,,both,0,,0,false,false,false,false,false,true,,,,,false,,,
test,KLLCF,Kappa Lambda Light Chain Free,kappa-lambda-light-chain-free,5000,373,5620,0,3ml Serum,,120,10 Hours,1 day,5+ Years,TRUE,,both,0,,0,false,false,false,false,false,true,,,,,false,,,
test,LACT,Lactate,lactate,1000,374,1300,0,3ml EDTA,,120,10 Hours,1 day,5+ Years,TRUE,,both,0,,0,false,false,false,false,false,true,,,,,false,,,
test,LDH,Lactate Dehydrogenase,lactate-dehydrogenase,400,375,770,0,3ml Serum,,120,10 Hours,1 day,5+ Years,TRUE,,both,0,,0,false,false,false,false,false,true,,,,,false,,,
test,LDURN,Lead,lead,2000,376,3760,0,5ml Urine,,120,10 Hours,1 day,5+ Years,TRUE,,both,0,,0,false,false,false,false,false,true,,,,,false,,,
test,LEISM-G,Leishmania Antibody IgG,leishmania-antibody-igg,1800,377,1950,0,3ml Serum,,120,10 Hours,1 day,5+ Years,TRUE,,both,0,,0,false,false,false,false,false,true,,,,,false,,,
test,LEISM-M,Leishmania Antibody IgM,leishmania-antibody-igm,1800,378,3030,0,3ml Serum,,120,10 Hours,1 day,5+ Years,TRUE,,both,0,,0,false,false,false,false,false,true,,,,,false,,,
test,LEPTO-G,Leptospira Antibody IgG,leptospira-antibody-igg,1500,379,1930,0,3ml Serum,,120,10 Hours,1 day,5+ Years,TRUE,,both,0,,0,false,false,false,false,false,true,,,,,false,,,
test,LEPTO-M,Leptospira Antibody IgM,leptospira-antibody-igm,1500,380,2190,0,3ml Serum,,120,10 Hours,1 day,5+ Years,TRUE,,both,0,,0,false,false,false,false,false,true,,,,,false,,,
test,LIP,Lipase,lipase,600,381,1000,0,3ml Serum,,120,10 Hours,1 day,5+ Years,TRUE,,both,0,,0,false,false,false,false,false,true,,,,,false,,,
test,LP(A),Lipoprotien(A),lipoprotiena,1050,382,1660,0,3ml Serum,,120,10 Hours,1 day,5+ Years,TRUE,,both,0,,0,false,false,false,false,false,true,,,,,false,,,
test,LBC,Liquid based cytology,liquid-based-cytology,1200,383,1790,0,Vaginal fluid,,120,10 Hours,1 day,5+ Years,TRUE,,both,0,,0,false,false,false,false,false,true,,,,,false,,,
test,LI,Lithium,lithium,600,384,1100,0,3ml Serum,,120,10 Hours,1 day,5+ Years,TRUE,,both,0,,0,false,false,false,false,false,true,,,,,false,,,
test,LKM,Liver-Kidney Microsome (LKM)-1 Antibody,liver-kidney-microsome-lkm-1-antibody,1800,385,2190,0,3ml Serum,,120,10 Hours,1 day,5+ Years,TRUE,,both,0,,0,false,false,false,false,false,true,,,,,false,,,
test,LAC,Lupus Anticoagulant,lupus-anticoagulant,1500,386,1610,0,3ml Sod.Citrate,,120,10 Hours,1 day,5+ Years,TRUE,,both,0,,0,false,false,false,false,false,true,,,,,false,,,
test,LH,Luteinizing Hormone,luteinizing-hormone,500,387,820,0,3ml Serum,,120,10 Hours,1 day,5+ Years,TRUE,,both,0,,0,false,false,false,false,false,true,,,,,false,,,
test,Mg,Magnesium,magnesium,500,388,760,0,3ml Serum,,120,10 Hours,1 day,5+ Years,TRUE,,both,0,,0,false,false,false,false,false,true,,,,,false,,,
test,Mal-Ag,Malaria Antigen*,malaria-antigen*,500,389,720,0,3ml Serum,,120,10 Hours,1 day,5+ Years,TRUE,,both,0,,0,false,false,false,false,false,true,,,,,false,,,
test,MP,Malarial Parasite Identification,malarial-parasite-identification,100,390,200,0,3ml EDTA,,120,10 Hours,1 day,5+ Years,TRUE,,both,0,,0,false,false,false,false,false,true,,,,,false,,,
test,Malignant cell,Malignant Cells,malignant-cells,700,391,1370,0,Fluids/Urine/Sputum,,120,10 Hours,1 day,5+ Years,TRUE,,both,0,,0,false,false,false,false,false,true,,,,,false,,,
test,MSLS-G,Measles (Rubeola) IgG,measles-rubeola-igg,1500,392,2170,0,3ml Serum,,120,10 Hours,1 day,5+ Years,TRUE,,both,0,,0,false,false,false,false,false,true,,,,,false,,,
test,MSLS-M,Measles (Rubeola) IgM,measles-rubeola-igm,1500,393,2350,0,3ml Serum,,120,10 Hours,1 day,5+ Years,TRUE,,both,0,,0,false,false,false,false,false,true,,,,,false,,,
test,METNEF,Metanephrine,metanephrine,3500,394,4340,0,5ml Urine,,120,10 Hours,1 day,5+ Years,TRUE,,both,0,,0,false,false,false,false,false,true,,,,,false,,,
test,MAU,Microalbuminuria,microalbuminuria,500,395,690,0,5ml Urine,,120,10 Hours,1 day,5+ Years,TRUE,,both,0,,0,false,false,false,false,false,true,,,,,false,,,
test,MILK C/S,Milk Culture & Sensitivity,milk-culture-&-sensitivity,750,396,860,0,Any Milk,,120,10 Hours,1 day,5+ Years,TRUE,,both,0,,0,false,false,false,false,false,true,,,,,false,,,
test,MUMP-G,Mumps IgG Antibody,mumps-igg-antibody,1500,397,1780,0,3ml Serum,,120,10 Hours,1 day,5+ Years,TRUE,,both,0,,0,false,false,false,false,false,true,,,,,false,,,
test,MUMP-M,Mumps IgM Antibody,mumps-igm-antibody,1500,398,2780,0,3ml Serum,,120,10 Hours,1 day,5+ Years,TRUE,,both,0,,0,false,false,false,false,false,true,,,,,false,,,
test,UMYOG,Myoglobin Urine,myoglobin-urine,2500,399,4650,0,10 ml of Spot urine,,120,10 Hours,1 day,5+ Years,TRUE,,both,0,,0,false,false,false,false,false,true,,,,,false,,,
test,MYO,Myoglobin Serum,myoglobin-serum,2000,400,3960,0,3ml Serum,,120,10 Hours,1 day,5+ Years,TRUE,,both,0,,0,false,false,false,false,false,true,,,,,false,,,
test,NVEGP,Non-veg. Food Allergy,non-veg.-food-allergy,3000,401,5570,0,3ml Serum,,120,10 Hours,1 day,5+ Years,TRUE,,both,0,,0,false,false,false,false,false,true,,,,,false,,,
test,Nor-MET,Nor-Metanephrine,nor-metanephrine,2400,402,4670,0,5ml Urine,,120,10 Hours,1 day,5+ Years,TRUE,,both,0,,0,false,false,false,false,false,true,,,,,false,,,
test,NT- BNP,NT- Pro BNP,nt--pro-bnp,3200,403,4770,0,3ml EDTA,,120,10 Hours,1 day,5+ Years,TRUE,,both,0,,0,false,false,false,false,false,true,,,,,false,,,
test,OT C/S,OT Culture & Sensitivity,ot-culture-&-sensitivity,800,404,1240,0,Swab,,120,10 Hours,1 day,5+ Years,TRUE,,both,0,,0,false,false,false,false,false,true,,,,,false,,,
test,PCV,Packed Cell Volume,packed-cell-volume,200,405,380,0,3ml EDTA,,120,10 Hours,1 day,5+ Years,TRUE,,both,0,,0,false,false,false,false,false,true,,,,,false,,,
test,PaPS,Pap Smear-Cytology,pap-smear-cytology,600,406,810,0,Slide,,120,10 Hours,1 day,5+ Years,TRUE,,both,0,,0,false,false,false,false,false,true,,,,,false,,,
test,PBS/PBF/GBP,Peripheral Blood Smear,peripheral-blood-smear,200,407,390,0,3ml EDTA,,120,10 Hours,1 day,5+ Years,TRUE,,both,0,,0,false,false,false,false,false,true,,,,,false,,,
test,PHNB,Phenobarbitone,phenobarbitone,1000,408,1120,0,3ml Serum,,120,10 Hours,1 day,5+ Years,TRUE,,both,0,,0,false,false,false,false,false,true,,,,,false,,,
test,PHTN,Phenytoin,phenytoin,1100,409,2110,0,3ml Serum,,120,10 Hours,1 day,5+ Years,TRUE,,both,0,,0,false,false,false,false,false,true,,,,,false,,,
test,PO4,Phosphorus,phosphorus,160,410,270,0,3ml Serum,,120,10 Hours,1 day,5+ Years,TRUE,,both,0,,0,false,false,false,false,false,true,,,,,false,,,
test,PHLGG,Phosphotidylserine IgG antibody,phosphotidylserine-igg-antibody,3500,411,3610,0,3ml Serum,,120,10 Hours,1 day,5+ Years,TRUE,,both,0,,0,false,false,false,false,false,true,,,,,false,,,
test,PHLGM,Phosphotidylserine IgM antibody,phosphotidylserine-igm-antibody,3500,412,5510,0,3ml Serum,,120,10 Hours,1 day,5+ Years,TRUE,,both,0,,0,false,false,false,false,false,true,,,,,false,,,
test,PMETA,Plasma Metanephrine,plasma-metanephrine,4500,413,8840,0,3ml EDTA,,120,10 Hours,1 day,5+ Years,TRUE,,both,0,,0,false,false,false,false,false,true,,,,,false,,,
test,PNMETA,Plasma Nor-metanephrine,plasma-nor-metanephrine,4500,414,6010,0,3ml EDTA,,120,10 Hours,1 day,5+ Years,TRUE,,both,0,,0,false,false,false,false,false,true,,,,,false,,,
test,PL CNT,Platelet Count,platelet-count,100,415,200,0,3ml EDTA,,120,10 Hours,1 day,5+ Years,TRUE,,both,0,,0,false,false,false,false,false,true,,,,,false,,,
test,PL CUL,Platelet Culture,platelet-culture,800,416,1030,0,Culture Bottle,,120,10 Hours,1 day,5+ Years,TRUE,,both,0,,0,false,false,false,false,false,true,,,,,false,,,
test,K+,Potassium,potassium,160,417,320,0,3ml Serum,,120,10 Hours,1 day,5+ Years,TRUE,,both,0,,0,false,false,false,false,false,true,,,,,false,,,
test,PAPP-A,Pregnancy-Associated Plasma Protein-A,pregnancy-associated-plasma-protein-a,1000,418,1840,0,3ml Serum,,120,10 Hours,1 day,5+ Years,TRUE,,both,0,,0,false,false,false,false,false,true,,,,,false,,,
test,PRO BNP,Pro BNP,pro-bnp,2800,419,3400,0,3ml EDTA,,120,10 Hours,1 day,5+ Years,TRUE,,both,0,,0,false,false,false,false,false,true,,,,,false,,,
test,PCT,Procalcitonin,procalcitonin,3000,420,5170,0,3ml Serum,,120,10 Hours,1 day,5+ Years,TRUE,,both,0,,0,false,false,false,false,false,true,,,,,false,,,
test,P4,Progesterone,progesterone,600,421,980,0,3ml Serum,,120,10 Hours,1 day,5+ Years,TRUE,,both,0,,0,false,false,false,false,false,true,,,,,false,,,
test,PRL,Prolactin,prolactin,500,422,930,0,3ml Serum,,120,10 Hours,1 day,5+ Years,TRUE,,both,0,,0,false,false,false,false,false,true,,,,,false,,,
test,PSA-T,Prostate Specific AntigenTotal,prostate-specific-antigentotal,700,423,1180,0,3ml Serum,,120,10 Hours,1 day,5+ Years,TRUE,,both,0,,0,false,false,false,false,false,true,,,,,false,,,
test,PSA-F,Prostate Specific Antigen Free,prostate-specific-antigen-free,900,424,1010,0,3ml Serum,,120,10 Hours,1 day,5+ Years,TRUE,,both,0,,0,false,false,false,false,false,true,,,,,false,,,
test,PRO-C,Protein C-Functional Assay,protein-c-functional-assay,3500,425,5790,0,3ml Sod.Citrate,,120,10 Hours,1 day,5+ Years,TRUE,,both,0,,0,false,false,false,false,false,true,,,,,false,,,
test,PRO-S,Protein S-Functional Assay,protein-s-functional-assay,3500,426,4860,0,3ml Sod.Citrate,,120,10 Hours,1 day,5+ Years,TRUE,,both,0,,0,false,false,false,false,false,true,,,,,false,,,
test,PAR,Protein/Albumin Ratio,protein/albumin-ratio,600,427,950,0,3ml Serum,,120,10 Hours,1 day,5+ Years,TRUE,,both,0,,0,false,false,false,false,false,true,,,,,false,,,
test,PT,ProthrombinTime & INR,prothrombintime-&-inr,400,428,700,0,3ml Sod.Citrate,,120,10 Hours,1 day,5+ Years,TRUE,,both,0,,0,false,false,false,false,false,true,,,,,false,,,
test,PS-MF,PS For Microfilaria,ps-for-microfilaria,300,429,430,0,3ml EDTA,,120,10 Hours,1 day,5+ Years,TRUE,,both,0,,0,false,false,false,false,false,true,,,,,false,,,
test,PS-MP,PS For MP,ps-for-mp,200,430,340,0,3ml EDTA,,120,10 Hours,1 day,5+ Years,TRUE,,both,0,,0,false,false,false,false,false,true,,,,,false,,,
test,Pus C/S,Pus Culture,pus-culture,800,431,1230,0,Pus,,120,10 Hours,1 day,5+ Years,TRUE,,both,0,,0,false,false,false,false,false,true,,,,,false,,,
test,PYO-C/S,Pyogenic Culture,pyogenic-culture,750,432,1140,0,Any Fluids,,120,10 Hours,1 day,5+ Years,TRUE,,both,0,,0,false,false,false,false,false,true,,,,,false,,,
test,INF,Rapid influenza A/ influenza B,rapid-influenza-a/-influenza-b,2500,433,4100,0,Swab,,120,10 Hours,1 day,5+ Years,TRUE,,both,0,,0,false,false,false,false,false,true,,,,,false,,,
test,REN,Renin Activity,renin-activity,4000,434,5680,0,3ml EDTA,,120,10 Hours,1 day,5+ Years,TRUE,,both,0,,0,false,false,false,false,false,true,,,,,false,,,
test,Reti Count,Reticulocyte Count,reticulocyte-count,300,435,440,0,3ml EDTA,,120,10 Hours,1 day,5+ Years,TRUE,,both,0,,0,false,false,false,false,false,true,,,,,false,,,
test,RPI,Reticulocyte Production Index,reticulocyte-production-index,500,436,720,0,3ml EDTA,,120,10 Hours,1 day,5+ Years,TRUE,,both,0,,0,false,false,false,false,false,true,,,,,false,,,
test,RHAb,RH antibody titre/ Anti D titre,rh-antibody-titre/-anti-d-titre,600,437,700,0,3ml Serum,,120,10 Hours,1 day,5+ Years,TRUE,,both,0,,0,false,false,false,false,false,true,,,,,false,,,
test,RAF,Rheumatoid Factor,rheumatoid-factor,450,438,890,0,3ml Serum,,120,10 Hours,1 day,5+ Years,TRUE,,both,0,,0,false,false,false,false,false,true,,,,,false,,,
test,RUB-G,Rubella IgG,rubella-igg,600,439,1030,0,3ml Serum,,120,10 Hours,1 day,5+ Years,TRUE,,both,0,,0,false,false,false,false,false,true,,,,,false,,,
test,RUB-G AV,Rubella Avidity IgG,rubella-avidity-igg,700,440,1400,0,3ml Serum,,120,10 Hours,1 day,5+ Years,TRUE,,both,0,,0,false,false,false,false,false,true,,,,,false,,,
test,RUB-M,Rubella IgM,rubella-igm,600,441,920,0,3ml Serum,,120,10 Hours,1 day,5+ Years,TRUE,,both,0,,0,false,false,false,false,false,true,,,,,false,,,
test,SCL-70,SCL-70 Antibody,scl-7-antibody,1250,442,2360,0,3ml Serum,,120,10 Hours,1 day,5+ Years,TRUE,,both,0,,0,false,false,false,false,false,true,,,,,false,,,
test,SCR-TYPG,ScrubTyphus IgG,scrubtyphus-igg,1000,443,1880,0,3ml Serum,,120,10 Hours,1 day,5+ Years,TRUE,,both,0,,0,false,false,false,false,false,true,,,,,false,,,
test,SCR-TYPM,ScrubTyphus IgM,scrubtyphus-igm,1000,444,1560,0,3ml Serum,,120,10 Hours,1 day,5+ Years,TRUE,,both,0,,0,false,false,false,false,false,true,,,,,false,,,
test,SM-C/S,Semen Culture,semen-culture,750,445,1090,0,Full quantity of Semen,,120,10 Hours,1 day,5+ Years,TRUE,,both,0,,0,false,false,false,false,false,true,,,,,false,,,
test,SEMFRT,Semen Fructose level,semen-fructose-level,500,446,910,0,Full quantity of Semen,,120,10 Hours,1 day,5+ Years,TRUE,,both,0,,0,false,false,false,false,false,true,,,,,false,,,
test,SKETO,Ketone Bodies,ketone-bodies,1500,447,2110,0,3ml Serum,,120,10 Hours,1 day,5+ Years,TRUE,,both,0,,0,false,false,false,false,false,true,,,,,false,,,
test,SMETA,Metanephrine,metanephrine,4500,448,6160,0,3ml Serum,,120,10 Hours,1 day,5+ Years,TRUE,,both,0,,0,false,false,false,false,false,true,,,,,false,,,
test,SOSM,Osmolality,osmolality,1000,449,1760,0,3ml Serum,,120,10 Hours,1 day,5+ Years,TRUE,,both,0,,0,false,false,false,false,false,true,,,,,false,,,
test,SPEP,Protein electrophoresis,protein-electrophoresis,1000,450,1650,0,3ml Serum,,120,10 Hours,1 day,5+ Years,TRUE,,both,0,,0,false,false,false,false,false,true,,,,,false,,,
test,SHBG,Sex Hormone Binding Globulin,sex-hormone-binding-globulin,2000,451,2390,0,3ml Serum,,120,10 Hours,1 day,5+ Years,TRUE,,both,0,,0,false,false,false,false,false,true,,,,,false,,,
test,SICKP,Sickling Phenomenon,sickling-phenomenon,350,452,470,0,3ml EDTA,,120,10 Hours,1 day,5+ Years,TRUE,,both,0,,0,false,false,false,false,false,true,,,,,false,,,
test,SmAb,Sm/RNP Antibody,sm/rnp-antibody,1500,453,2670,0,3ml Serum,,120,10 Hours,1 day,5+ Years,TRUE,,both,0,,0,false,false,false,false,false,true,,,,,false,,,
test,Na+,Sodium,sodium,160,454,270,0,3ml Serum,,120,10 Hours,1 day,5+ Years,TRUE,,both,0,,0,false,false,false,false,false,true,,,,,false,,,
test,SP-C/S,Sputum Culture & Sensitivity,sputum-culture-&-sensitivity,750,455,1020,0,Sputum,,120,10 Hours,1 day,5+ Years,TRUE,,both,0,,0,false,false,false,false,false,true,,,,,false,,,
test,SP-AFB-ST,Sputum for AFB Stain,sputum-for-afb-stain,400,456,660,0,Sputum,,120,10 Hours,1 day,5+ Years,TRUE,,both,0,,0,false,false,false,false,false,true,,,,,false,,,
test,STONAL,Stone Analysis,stone-analysis,1000,457,1800,0,Stone,,120,10 Hours,1 day,5+ Years,TRUE,,both,0,,0,false,false,false,false,false,true,,,,,false,,,
test,STOOL C/S,Stool Culture,stool-culture,750,458,940,0,100 gm Stool,,120,10 Hours,1 day,5+ Years,TRUE,,both,0,,0,false,false,false,false,false,true,,,,,false,,,
test,STHANG,Stool for Hanging,stool-for-hanging,200,459,360,0,100 gm Stool,,120,10 Hours,1 day,5+ Years,TRUE,,both,0,,0,false,false,false,false,false,true,,,,,false,,,
test,Occt-Stool,Stool for Occult Blood,stool-for-occult-blood,200,460,320,0,100 gm Stool,,120,10 Hours,1 day,5+ Years,TRUE,,both,0,,0,false,false,false,false,false,true,,,,,false,,,
test,STROTA VIRS,Stool for Rotavirus,stool-for-rotavirus,1000,461,1180,0,100 gm Stool,,120,10 Hours,1 day,5+ Years,TRUE,,both,0,,0,false,false,false,false,false,true,,,,,false,,,
test,STPH,Stool Ph,stool-ph,200,462,360,0,100 gm Stool,,120,10 Hours,1 day,5+ Years,TRUE,,both,0,,0,false,false,false,false,false,true,,,,,false,,,
test,SREDS,Stool Reducing Substance,stool-reducing-substance,180,463,340,0,100 gm Stool,,120,10 Hours,1 day,5+ Years,TRUE,,both,0,,0,false,false,false,false,false,true,,,,,false,,,
test,STOOL,Stool Routine Examination,stool-routine-examination,200,464,370,0,100 gm Stool,,120,10 Hours,1 day,5+ Years,TRUE,,both,0,,0,false,false,false,false,false,true,,,,,false,,,
test,S-C/S,Swab Culture,swab-culture,750,465,1090,0,Swab,,120,10 Hours,1 day,5+ Years,TRUE,,both,0,,0,false,false,false,false,false,true,,,,,false,,,
test,SYPH,Syphilis Abs,syphilis-abs,450,466,720,0,3ml Serum,,120,10 Hours,1 day,5+ Years,TRUE,,both,0,,0,false,false,false,false,false,true,,,,,false,,,
test,TFT,Thyroid Function Test (T3T4TSH),thyroid-function-test-t3t4tsh,600,467,750,0,3ml Serum,,120,10 Hours,1 day,5+ Years,TRUE,,both,0,,0,false,false,false,false,false,true,,,,,false,,,
test,TAC,Tacrolimus,tacrolimus,3500,468,5600,0,3ml EDTA,,120,10 Hours,1 day,5+ Years,TRUE,,both,0,,0,false,false,false,false,false,true,,,,,false,,,
test,TB-Gold,TB Gold- Quantiferon,tb-gold--quantiferon,2800,469,3940,0,5ml Sodium Hep./Lithium Heparin,,120,10 Hours,1 day,5+ Years,TRUE,,both,0,,0,false,false,false,false,false,true,,,,,false,,,
test,TB-Gold-Plus,TB Gold Plus-IGRA,tb-gold-plus-igra,4000,470,5720,0,5ml Sodium Hep./Lithium Heparin,,120,10 Hours,1 day,5+ Years,TRUE,,both,0,,0,false,false,false,false,false,true,,,,,false,,,
test,TB-PLT,TB IGRA- Platinum,tb-igra--platinum,2400,471,2940,0,5ml Sodium Hep./Lithium Heparin,,120,10 Hours,1 day,5+ Years,TRUE,,both,0,,0,false,false,false,false,false,true,,,,,false,,,
test,TB-MDR,TB Multidrug-Resistant-,tb-multidrug-resistant-,3600,472,6720,0,Fluid/Tissue/Pus/Urine/Sputum,,120,10 Hours,1 day,5+ Years,TRUE,,both,0,,0,false,false,false,false,false,true,,,,,false,,,
test,TB-PCR,TB- PCR,tb--pcr,2200,473,3860,0,EDTA/Fluid/Tissue/Pus/Urine/Sputum,,120,10 Hours,1 day,5+ Years,TRUE,,both,0,,0,false,false,false,false,false,true,,,,,false,,,
test,Testo-T,Testosterone Total,testosterone-total,700,474,1110,0,3ml Serum,,120,10 Hours,1 day,5+ Years,TRUE,,both,0,,0,false,false,false,false,false,true,,,,,false,,,
test,Testo-E2,Testosterone Total Estradiol Ratio,testosterone-total-estradiol-ratio,1000,475,1180,0,3ml Serum,,120,10 Hours,1 day,5+ Years,TRUE,,both,0,,0,false,false,false,false,false,true,,,,,false,,,
test,TS-C/S,Throat Swab Culture,throat-swab-culture,750,476,1340,0,Swab,,120,10 Hours,1 day,5+ Years,TRUE,,both,0,,0,false,false,false,false,false,true,,,,,false,,,
test,TG,Thyroglobulin,thyroglobulin,1500,477,1770,0,3ml Serum,,120,10 Hours,1 day,5+ Years,TRUE,,both,0,,0,false,false,false,false,false,true,,,,,false,,,
test,TSH,Thyroid Stimulating Hormone,thyroid-stimulating-hormone,300,478,450,0,3ml Serum,,120,10 Hours,1 day,5+ Years,TRUE,,both,0,,0,false,false,false,false,false,true,,,,,false,,,
test,T4,Thyroxine,thyroxine,200,479,320,0,3ml Serum,,120,10 Hours,1 day,5+ Years,TRUE,,both,0,,0,false,false,false,false,false,true,,,,,false,,,
test,FT4,Thyroxine Free,thyroxine-free,300,480,550,0,3ml Serum,,120,10 Hours,1 day,5+ Years,TRUE,,both,0,,0,false,false,false,false,false,true,,,,,false,,,
test,TIB,TIBC,tibc,400,481,500,0,3ml Serum,,120,10 Hours,1 day,5+ Years,TRUE,,both,0,,0,false,false,false,false,false,true,,,,,false,,,
test,TTG-IgA,Tissue transglutaminase antibody-IgA,tissue-transglutaminase-antibody-iga,1000,482,1890,0,3ml Serum,,120,10 Hours,1 day,5+ Years,TRUE,,both,0,,0,false,false,false,false,false,true,,,,,false,,,
test,TLC,Total Leucocyte Count,total-leucocyte-count,100,483,200,0,3ml EDTA,,120,10 Hours,1 day,5+ Years,TRUE,,both,0,,0,false,false,false,false,false,true,,,,,false,,,
test,TP,Total Protein,total-protein,160,484,290,0,3ml Serum,,120,10 Hours,1 day,5+ Years,TRUE,,both,0,,0,false,false,false,false,false,true,,,,,false,,,
test,TOX-G AV,Toxoplasma Avidity IgG,toxoplasma-avidity-igg,650,485,850,0,3ml Serum,,120,10 Hours,1 day,5+ Years,TRUE,,both,0,,0,false,false,false,false,false,true,,,,,false,,,
test,TOX-G,Toxoplasma IgG,toxoplasma-igg,600,486,910,0,3ml Serum,,120,10 Hours,1 day,5+ Years,TRUE,,both,0,,0,false,false,false,false,false,true,,,,,false,,,
test,TOX-M,Toxoplasma IgM,toxoplasma-igm,600,487,740,0,3ml Serum,,120,10 Hours,1 day,5+ Years,TRUE,,both,0,,0,false,false,false,false,false,true,,,,,false,,,
test,TRNFN,Transferrin,transferrin,800,488,1050,0,3ml Serum,,120,10 Hours,1 day,5+ Years,TRUE,,both,0,,0,false,false,false,false,false,true,,,,,false,,,
test,TPHAT,Treponema Palladium Hemagglutination Titre,treponema-palladium-hemagglutination-titre,700,489,1150,0,3ml Serum,,120,10 Hours,1 day,5+ Years,TRUE,,both,0,,0,false,false,false,false,false,true,,,,,false,,,
test,TPHA,Treponema Palladium Hemagglutination,treponema-palladium-hemagglutination,500,490,680,0,3ml Serum,,120,10 Hours,1 day,5+ Years,TRUE,,both,0,,0,false,false,false,false,false,true,,,,,false,,,
test,TGL,Triglycerides,triglycerides,260,491,450,0,3ml Serum,,120,10 Hours,1 day,5+ Years,TRUE,,both,0,,0,false,false,false,false,false,true,,,,,false,,,
test,T3,Triiodothyronine,triiodothyronine,200,492,400,0,3ml Serum,,120,10 Hours,1 day,5+ Years,TRUE,,both,0,,0,false,false,false,false,false,true,,,,,false,,,
test,FT3,Triiodothyronine Free,triiodothyronine-free,300,493,480,0,3ml Serum,,120,10 Hours,1 day,5+ Years,TRUE,,both,0,,0,false,false,false,false,false,true,,,,,false,,,
test,TROP I,Troponin- I,troponin--i,1400,494,2210,0,3ml Serum,,120,10 Hours,1 day,5+ Years,TRUE,,both,0,,0,false,false,false,false,false,true,,,,,false,,,
test,TROPI Q,Troponin- I [Quantitative],troponin--i-[quantitative],1800,495,2910,0,3ml Serum,,120,10 Hours,1 day,5+ Years,TRUE,,both,0,,0,false,false,false,false,false,true,,,,,false,,,
test,TROPT,Troponin-T,troponin-t,1400,496,1840,0,3ml EDTA,,120,10 Hours,1 day,5+ Years,TRUE,,both,0,,0,false,false,false,false,false,true,,,,,false,,,
test,TSHR-Ab,TSH Receptor Autoantibodies,tsh-receptor-autoantibodies,3500,497,4470,0,3ml Serum,,120,10 Hours,1 day,5+ Years,TRUE,,both,0,,0,false,false,false,false,false,true,,,,,false,,,
test,TYPHIG,Typhidot IgG,typhidot-igg,400,498,650,0,3ml Serum,,120,10 Hours,1 day,5+ Years,TRUE,,both,0,,0,false,false,false,false,false,true,,,,,false,,,
test,TYPHIM,Typhidot IgM,typhidot-igm,400,499,540,0,3ml Serum,,120,10 Hours,1 day,5+ Years,TRUE,,both,0,,0,false,false,false,false,false,true,,,,,false,,,
test,U-RNP,U1 Sm/RNP Antibody,u1-sm/rnp-antibody,1800,500,2030,0,3ml Serum,,120,10 Hours,1 day,5+ Years,TRUE,,both,0,,0,false,false,false,false,false,true,,,,,false,,,
test,UE3,Unconjugated Estriol,unconjugated-estriol,1200,501,2240,0,3ml Serum,,120,10 Hours,1 day,5+ Years,TRUE,,both,0,,0,false,false,false,false,false,true,,,,,false,,,
test,Urea,Blood Urea,blood-urea,140,502,250,0,3ml Serum,,120,10 Hours,1 day,5+ Years,TRUE,,both,0,,0,false,false,false,false,false,true,,,,,false,,,
test,UrCr,Urea Creatinine,urea-creatinine,250,503,470,0,3ml Serum,,120,10 Hours,1 day,5+ Years,TRUE,,both,0,,0,false,false,false,false,false,true,,,,,false,,,
test,Ua,Uric Acid,uric-acid,150,504,290,0,3ml Serum,,120,10 Hours,1 day,5+ Years,TRUE,,both,0,,0,false,false,false,false,false,true,,,,,false,,,
test,UU,Urinary Urea,urinary-urea,250,505,390,0,5ml Urine,,120,10 Hours,1 day,5+ Years,TRUE,,both,0,,0,false,false,false,false,false,true,,,,,false,,,
test,Uca,Urinary Calcium,urinary-calcium,250,506,390,0,5ml Urine,,120,10 Hours,1 day,5+ Years,TRUE,,both,0,,0,false,false,false,false,false,true,,,,,false,,,
test,Uch,Urinary Chloride,urinary-chloride,260,507,450,0,5ml Urine,,120,10 Hours,1 day,5+ Years,TRUE,,both,0,,0,false,false,false,false,false,true,,,,,false,,,
test,Uph,Urinary Phosphorus,urinary-phosphorus,260,508,440,0,5ml Urine,,120,10 Hours,1 day,5+ Years,TRUE,,both,0,,0,false,false,false,false,false,true,,,,,false,,,
test,UK+,Urinary Potassium,urinary-potassium,250,509,440,0,5ml Urine,,120,10 Hours,1 day,5+ Years,TRUE,,both,0,,0,false,false,false,false,false,true,,,,,false,,,
test,Una+,Urinary Sodium,urinary-sodium,250,510,420,0,5ml Urine,,120,10 Hours,1 day,5+ Years,TRUE,,both,0,,0,false,false,false,false,false,true,,,,,false,,,
test,U-AGR,Urine A:G Ratio,urine-a:g-ratio,400,511,670,0,5ml Urine,,120,10 Hours,1 day,5+ Years,TRUE,,both,0,,0,false,false,false,false,false,true,,,,,false,,,
test,UAL,Urine Albumin,urine-albumin,400,512,750,0,5ml Urine,,120,10 Hours,1 day,5+ Years,TRUE,,both,0,,0,false,false,false,false,false,true,,,,,false,,,
test,UACR,Urine Albumin Creatinine Ratio,urine-albumin-creatinine-ratio,600,513,900,0,5ml Urine,,120,10 Hours,1 day,5+ Years,TRUE,,both,0,,0,false,false,false,false,false,true,,,,,false,,,
test,U-AMY,Urine Amylase,urine-amylase,500,514,710,0,5ml Urine,,120,10 Hours,1 day,5+ Years,TRUE,,both,0,,0,false,false,false,false,false,true,,,,,false,,,
test,UCR,Urine Creatinine,urine-creatinine,240,515,450,0,5ml Urine,,120,10 Hours,1 day,5+ Years,TRUE,,both,0,,0,false,false,false,false,false,true,,,,,false,,,
test,URINE C/S,Urine Culture & Sensitivity,urine-culture-&-sensitivity,700,516,1040,0,5ml Urine,,120,10 Hours,1 day,5+ Years,TRUE,,both,0,,0,false,false,false,false,false,true,,,,,false,,,
test,U-MALG,Urine Cytology For Malignant Cells,urine-cytology-for-malignant-cells,600,517,710,0,5ml Urine,,120,10 Hours,1 day,5+ Years,TRUE,,both,0,,0,false,false,false,false,false,true,,,,,false,,,
test,URINE R/M,Urine Examination Routine,urine-examination-routine,100,518,200,0,5ml Urine,,120,10 Hours,1 day,5+ Years,TRUE,,both,0,,0,false,false,false,false,false,true,,,,,false,,,
test,U-AFB,Urine For AFB Stain,urine-for-afb-stain,400,519,700,0,5ml Urine,,120,10 Hours,1 day,5+ Years,TRUE,,both,0,,0,false,false,false,false,false,true,,,,,false,,,
test,UCaCrR,Urine For Calcium Creatinine Ratio,urine-for-calcium-creatinine-ratio,500,520,650,0,5ml Urine,,120,10 Hours,1 day,5+ Years,TRUE,,both,0,,0,false,false,false,false,false,true,,,,,false,,,
test,U-GLU,Urine Glucose,urine-glucose,80,521,#NUM!,0,5ml Urine,,120,10 Hours,1 day,5+ Years,TRUE,,both,0,,0,false,false,false,false,false,true,,,,,false,,,
test,UKET,Urine ketone,urine-ketone,100,522,200,0,5ml Urine,,120,10 Hours,1 day,5+ Years,TRUE,,both,0,,0,false,false,false,false,false,true,,,,,false,,,
test,UOSM,Urine osmolality,urine-osmolality,800,523,1110,0,5ml Urine,,120,10 Hours,1 day,5+ Years,TRUE,,both,0,,0,false,false,false,false,false,true,,,,,false,,,
test,UPORF,Urine Porphobilinogen,urine-porphobilinogen,3000,524,5690,0,10ml urine,,120,10 Hours,1 day,5+ Years,TRUE,,both,0,,0,false,false,false,false,false,true,,,,,false,,,
test,Upr,Urine Protein,urine-protein,260,525,430,0,5ml Urine,,120,10 Hours,1 day,5+ Years,TRUE,,both,0,,0,false,false,false,false,false,true,,,,,false,,,
test,UPCR,Urine Protein/ Creatinine Ratio,urine-protein/-creatinine-ratio,500,526,870,0,5ml Urine,,120,10 Hours,1 day,5+ Years,TRUE,,both,0,,0,false,false,false,false,false,true,,,,,false,,,
test,U-UA,Urine Uric Acid,urine-uric-acid,250,527,450,0,5ml Urine,,120,10 Hours,1 day,5+ Years,TRUE,,both,0,,0,false,false,false,false,false,true,,,,,false,,,
test,U-VMA,Urine-Vanillylmandelic acid,urine-vanillylmandelic-acid,3000,528,5720,0,5ml Urine,,120,10 Hours,1 day,5+ Years,TRUE,,both,0,,0,false,false,false,false,false,true,,,,,false,,,
test,UBILG,Urobilinogen Urine-Special Tesr,urobilinogen-urine-special-tesr,200,529,330,0,10ml Urine,,120,10 Hours,1 day,5+ Years,TRUE,,both,0,,0,false,false,false,false,false,true,,,,,false,,,
test,VEC,Vacuolated Eosinophil Count,vacuolated-eosinophil-count,250,530,420,0,3ml EDTA,,120,10 Hours,1 day,5+ Years,TRUE,,both,0,,0,false,false,false,false,false,true,,,,,false,,,
test,VS C/S,Vaginal Swab Culture,vaginal-swab-culture,800,531,940,0,Swab,,120,10 Hours,1 day,5+ Years,TRUE,,both,0,,0,false,false,false,false,false,true,,,,,false,,,
test,VALP,Valproic Acid,valproic-acid,800,532,1510,0,3ml Serum,,120,10 Hours,1 day,5+ Years,TRUE,,both,0,,0,false,false,false,false,false,true,,,,,false,,,
test,VZG,Varicella Zoster(Chickenpox) Virus IgG,varicella-zosterchickenpox-virus-igg,1800,533,2320,0,3ml Serum,,120,10 Hours,1 day,5+ Years,TRUE,,both,0,,0,false,false,false,false,false,true,,,,,false,,,
test,VZM,Varicella Zoster(Chickenpox)  Virus IgM,varicella-zosterchickenpox--virus-igm,1800,534,2750,0,3ml Serum,,120,10 Hours,1 day,5+ Years,TRUE,,both,0,,0,false,false,false,false,false,true,,,,,false,,,
test,Titre(RPR),VDRL-Titre,vdrl-titre,480,535,890,0,3ml Serum,,120,10 Hours,1 day,5+ Years,TRUE,,both,0,,0,false,false,false,false,false,true,,,,,false,,,
test,VEGP,Veg. Food Allergy,veg.-food-allergy,3000,536,5930,0,3ml Serum,,120,10 Hours,1 day,5+ Years,TRUE,,both,0,,0,false,false,false,false,false,true,,,,,false,,,
test,VDRL,Venereal Disease Research laboratory,venereal-disease-research-laboratory,200,537,310,0,3ml Serum,,120,10 Hours,1 day,5+ Years,TRUE,,both,0,,0,false,false,false,false,false,true,,,,,false,,,
test,VITA,Vitamin A,vitamin-a,4000,538,7130,0,3ml Serum,,120,10 Hours,1 day,5+ Years,TRUE,,both,0,,0,false,false,false,false,false,true,,,,,false,,,
test,VITB1,Vitamin B1 (Thiamine),vitamin-b1-thiamine,4000,539,6600,0,3ml Serum,,120,10 Hours,1 day,5+ Years,TRUE,,both,0,,0,false,false,false,false,false,true,,,,,false,,,
test,B12,Vitamin B12,vitamin-b12,800,540,1160,0,3ml Serum,,120,10 Hours,1 day,5+ Years,TRUE,,both,0,,0,false,false,false,false,false,true,,,,,false,,,
test,VITB6,Vitamin B6 (Pyridoxine),vitamin-b6-pyridoxine,3400,541,3570,0,3ml Serum,,120,10 Hours,1 day,5+ Years,TRUE,,both,0,,0,false,false,false,false,false,true,,,,,false,,,
test,VITB7,Vitamin B7,vitamin-b7,3400,542,5860,0,3ml Serum,,120,10 Hours,1 day,5+ Years,TRUE,,both,0,,0,false,false,false,false,false,true,,,,,false,,,
test,VIT125,Vitamin D 125,vitamin-d-125,3200,543,6230,0,3ml Serum,,120,10 Hours,1 day,5+ Years,TRUE,,both,0,,0,false,false,false,false,false,true,,,,,false,,,
test,VITE,Vitamin E (Tocopherol),vitamin-e-tocopherol,4300,544,5670,0,3ml Serum,,120,10 Hours,1 day,5+ Years,TRUE,,both,0,,0,false,false,false,false,false,true,,,,,false,,,
test,VITK,Vitamin K,vitamin-k,4500,545,7230,0,3ml Serum,,120,10 Hours,1 day,5+ Years,TRUE,,both,0,,0,false,false,false,false,false,true,,,,,false,,,
test,VIT-D,Vitamin-D (25OH),vitamin-d-25oh,1200,546,1530,0,3ml Serum,,120,10 Hours,1 day,5+ Years,TRUE,,both,0,,0,false,false,false,false,false,true,,,,,false,,,
test,WATER C/S,Water Culture & Sensitivity,water-culture-&-sensitivity,800,547,1440,0,Any water,,120,10 Hours,1 day,5+ Years,TRUE,,both,0,,0,false,false,false,false,false,true,,,,,false,,,
test,WFR,Weil Felix Reaction,weil-felix-reaction,1400,548,2100,0,3ml Serum,,120,10 Hours,1 day,5+ Years,TRUE,,both,0,,0,false,false,false,false,false,true,,,,,false,,,
test,Widal,Widal,widal,250,549,380,0,3ml Serum,,120,10 Hours,1 day,5+ Years,TRUE,,both,0,,0,false,false,false,false,false,true,,,,,false,,,
test,WIDT,Widal (TubeTest),widal-tubetest,300,550,600,0,3ml Serum,,120,10 Hours,1 day,5+ Years,TRUE,,both,0,,0,false,false,false,false,false,true,,,,,false,,,
test,W C/S,Wound Swab Culture,wound-swab-culture,500,551,920,0,Swab,,120,10 Hours,1 day,5+ Years,TRUE,,both,0,,0,false,false,false,false,false,true,,,,,false,,,
test,ZN ST,Z.N.Stain,z.n.stain,400,552,640,0,Sputum/Fluid/Urine/Pus,,120,10 Hours,1 day,5+ Years,TRUE,,both,0,,0,false,false,false,false,false,true,,,,,false,,,
test,ZINC,Zinc,zinc,1700,553,2690,0,3ml Serum,,120,10 Hours,1 day,5+ Years,TRUE,,both,0,,0,false,false,false,false,false,true,,,,,false,,,
test,17-OH P,17-OH Progesterone,17-oh-progesterone,1000,554,1370,0,3ml Serum,,120,10 Hours,1 day,5+ Years,TRUE,,both,0,,0,false,false,false,false,false,true,,,,,false,,,
test,24UCa,24 Hr Urine Calcium,24-hr-urine-calcium,250,555,450,0,5ml Urine,,120,10 Hours,1 day,5+ Years,TRUE,,both,0,,0,false,false,false,false,false,true,,,,,false,,,
test,24UUA,24 Hr Urine Uric Acid,24-hr-urine-uric-acid,240,556,380,0,5ml Urine,,120,10 Hours,1 day,5+ Years,TRUE,,both,0,,0,false,false,false,false,false,true,,,,,false,,,
test,24UC,24 Hr Urinary Creatinine,24-hr-urinary-creatinine,250,557,400,0,5ml Urine,,120,10 Hours,1 day,5+ Years,TRUE,,both,0,,0,false,false,false,false,false,true,,,,,false,,,
test,24UK+,24 Hr Urinary K+,24-hr-urinary-k+,240,558,400,0,5ml Urine,,120,10 Hours,1 day,5+ Years,TRUE,,both,0,,0,false,false,false,false,false,true,,,,,false,,,
test,24UNa+,24 Hr Urinary Na+,24-hr-urinary-na+,240,559,470,0,5ml Urine,,120,10 Hours,1 day,5+ Years,TRUE,,both,0,,0,false,false,false,false,false,true,,,,,false,,,
test,24UP,24 Hr Urinary Protein,24-hr-urinary-protein,260,560,490,0,5ml Urine,,120,10 Hours,1 day,5+ Years,TRUE,,both,0,,0,false,false,false,false,false,true,,,,,false,,,
test,24UA,24 Hr Urine Albumin,24-hr-urine-albumin,500,561,970,0,5ml Urine,,120,10 Hours,1 day,5+ Years,TRUE,,both,0,,0,false,false,false,false,false,true,,,,,false,,,
test,24UCC,24 Hr Urine Creatinine Clearance,24-hr-urine-creatinine-clearance,500,562,830,0,5ml Urine/2ml Serum,,120,10 Hours,1 day,5+ Years,TRUE,,both,0,,0,false,false,false,false,false,true,,,,,false,,,
test,24UPhos,24 Hrs Urinary Phosphorus,24-hrs-urinary-phosphorus,260,563,490,0,5ml Urine,,120,10 Hours,1 day,5+ Years,TRUE,,both,0,,0,false,false,false,false,false,true,,,,,false,,,
test,24UCr,24 Hrs Urine Citrate,24-hrs-urine-citrate,900,564,1590,0,5ml Urine,,120,10 Hours,1 day,5+ Years,TRUE,,both,0,,0,false,false,false,false,false,true,,,,,false,,,
test,24UCort,24 Hrs Urine Cortisol free,24-hrs-urine-cortisol-free,900,565,1290,0,5ml Urine,,120,10 Hours,1 day,5+ Years,TRUE,,both,0,,0,false,false,false,false,false,true,,,,,false,,,
test,24UU,24 Hrs Urine For Urea,24-hrs-urine-for-urea,300,566,400,0,5ml Urine,,120,10 Hours,1 day,5+ Years,TRUE,,both,0,,0,false,false,false,false,false,true,,,,,false,,,
test,24UMg,24 Hrs Urine Magnesium,24-hrs-urine-magnesium,600,567,1040,0,5ml Urine,,120,10 Hours,1 day,5+ Years,TRUE,,both,0,,0,false,false,false,false,false,true,,,,,false,,,
test,24UXO,24 Hrs Urine Oxalate,24-hrs-urine-oxalate,1600,568,1710,0,5ml Urine,,120,10 Hours,1 day,5+ Years,TRUE,,both,0,,0,false,false,false,false,false,true,,,,,false,,,
test,24 Hr PEP,24 Hrs Urine Protein Electrophoresis,24-hrs-urine-protein-electrophoresis,3000,569,4870,0,5ml Urine,,120,10 Hours,1 day,5+ Years,TRUE,,both,0,,0,false,false,false,false,false,true,,,,,false,,,
test,24UACR,24 Hrs. Urine Albumin Creatinine Ratio,24-hrs.-urine-albumin-creatinine-ratio,600,570,870,0,5ml Urine,,120,10 Hours,1 day,5+ Years,TRUE,,both,0,,0,false,false,false,false,false,true,,,,,false,,,
test,24UCATCHOL,24 Hrs. Urine Catecholamine,24-hrs.-urine-catecholamine,4500,571,4740,0,10ml Urine,,120,10 Hours,1 day,5+ Years,TRUE,,both,0,,0,false,false,false,false,false,true,,,,,false,,,
test,24UMETA,24 Hrs. Urine Metanephrine,24-hrs.-urine-metanephrine,4500,572,6280,0,10ml Urine,,120,10 Hours,1 day,5+ Years,TRUE,,both,0,,0,false,false,false,false,false,true,,,,,false,,,
test,24UVMA,24-Hrs Urinary VMA,24-hrs-urinary-vma,3600,573,4640,0,10ml Urine,,120,10 Hours,1 day,5+ Years,TRUE,,both,0,,0,false,false,false,false,false,true,,,,,false,,,
test,,,,,574,#NUM!,0,,,120,10 Hours,1 day,5+ Years,TRUE,,both,0,,0,false,false,false,false,false,true,,,,,false,,,
test,,Arthitis Profile,arthitis-profile,1700,575,3310,0,3ml Serum/EDTA,"ESR,CRP, ASO-Titer, Uric Acid,  
Rheumatoid Factor (RA)",120,10 Hours,1 day,5+ Years,TRUE,,both,0,,0,false,false,false,false,false,true,,,,,false,,,
test,,Andrology Panel,andrology-panel,2500,576,3870,0,3ml Serum,"LH, FSH,Testo-Total & Free",120,10 Hours,1 day,5+ Years,TRUE,,both,0,,0,false,false,false,false,false,true,,,,,false,,,
test,,ANA Blot (17 Antigens),ana-blot-17-antigens,4000,577,7400,0,3ml Serum,"Ds DNA, Nucleosome, Histone, SmD1, PCNA, Rib-PO, SS-A [Ro 60 KD], SS-A[Ro 52 kD], SS-B, CENP-B, Scl-70, U1-snRNP, AMA-M2, JO-1, PM- SCL, Mi-2,Ku",120,10 Hours,1 day,5+ Years,TRUE,,both,0,,0,false,false,false,false,false,true,,,,,false,,,
test,,ANA Blot (22 Antigens),ana-blot-22-antigens,4500,578,8470,0,3ml Serum,"Jo-1, PL-7, PL-12, PM-SCL, CENP-A, CENP-B, SCL-70, Ro52, Ro60, La,RNP-A, RNP-C, RNP-68,SmB, SmD, Po, PCNA, DsDNA, Histone, Nucleo- some, DFS70, M2",120,10 Hours,1 day,5+ Years,TRUE,,both,0,,0,false,false,false,false,false,true,,,,,false,,,
test,,Androgen Profile,androgen-profile,4800,579,4940,0,3ml Serum,"Testosterone-Total,Testosterone-Free, SHB- G,DHT, Free Androgen Index, Androstenedione",120,10 Hours,1 day,5+ Years,TRUE,,both,0,,0,false,false,false,false,false,true,,,,,false,,,
test,,Anemia Profile-I,anemia-profile-i,1600,580,2730,0,3ml Serum,"Iron-TIBC, Ferritin, CRP",120,10 Hours,1 day,5+ Years,TRUE,,both,0,,0,false,false,false,false,false,true,,,,,false,,,
test,,Anemia Profile-II,anemia-profile-ii,1300,581,2570,0,3ml EDTA/Serum,"Hemogram, Iron-TIBC,Ferritin",120,10 Hours,1 day,5+ Years,TRUE,,both,0,,0,false,false,false,false,false,true,,,,,false,,,
test,,Basic Vitamin Profile,basic-vitamin-profile,1700,582,2350,0,3ml Serum,"Vitamin B12, Vitamin D 25OH",120,10 Hours,1 day,5+ Years,TRUE,,both,0,,0,false,false,false,false,false,true,,,,,false,,,
test,,BOH Profile,boh-profile,5500,583,9150,0,3ml Serum,"ANA, APA-IgG/IgM, ACA IgG/IgM, LAC, TSH,Torch IgG/IgM",120,10 Hours,1 day,5+ Years,TRUE,,both,0,,0,false,false,false,false,false,true,,,,,false,,,
test,,Cancer Panel - Female,cancer-panel---female,4000,584,7090,0,3ml Serum,"AFP, CA125, CA19.9, CA15.3, CEA, BHCG",120,10 Hours,1 day,5+ Years,TRUE,,both,0,,0,false,false,false,false,false,true,,,,,false,,,
test,,Cancer Panel - Male,cancer-panel---male,3200,585,4710,0,3ml Serum,"AFP, BHCG, CA19.9, CEA, PSA",120,10 Hours,1 day,5+ Years,TRUE,,both,0,,0,false,false,false,false,false,true,,,,,false,,,
test,,Cardiac Risk Panel,cardiac-risk-panel,3200,586,6270,0,3ml Serum/ Sod.Citrate,"Homocysteine, D-Dimer, HsCRP, Lipid profile-1, CPKMB",120,10 Hours,1 day,5+ Years,TRUE,,both,0,,0,false,false,false,false,false,true,,,,,false,,,
test,,Coagulation Panel,coagulation-panel,900,587,1500,0,"
3ml EDTA/Sodium Citrate",CBC; PT; INR; APTT,120,10 Hours,1 day,5+ Years,TRUE,,both,0,,0,false,false,false,false,false,true,,,,,false,,,
test,,Comprehensive Allergy Profile,comprehensive-allergy-profile,8000,588,8640,0,3ml Serum,"Food -Veg-Allergy, Food -Non-Veg-Allergy, Inhalant Allergy, Contact-Allergy, Drugs-Allergy",120,10 Hours,1 day,5+ Years,TRUE,,both,0,,0,false,false,false,false,false,true,,,,,false,,,
test,,Complete Vitamins Profile,complete-vitamins-profile,8000,589,10460,0,3ml Serum,"Vitamin A, Vitamin E ,Vitamin K, Vitamin D2,Vi- tamin D3,Vitamin D total, Vitamin B1/Thiamine, Vitamin B2/Riboflavin, Vitamin B3/Nicotinic Acid, Vitamin B5/Pantothenic, Vitamin B6/P5P,Vitamin B7/Biotin, Vitamin B9/Folic Acid",120,10 Hours,1 day,5+ Years,TRUE,,both,0,,0,false,false,false,false,false,true,,,,,false,,,
test,,Dengue Profile,dengue-profile,1200,590,2210,0,3ml Serum,"Dengue IgG & IgM, NS1",120,10 Hours,1 day,5+ Years,TRUE,,both,0,,0,false,false,false,false,false,true,,,,,false,,,
test,,Diabetic Screening Basic,diabetic-screening-basic,550,591,950,0,3ml EDTA/Fluoride,"Blood Glucose F/PP, HbA1c
Glucose Fasting (F) Plasma",120,10 Hours,1 day,5+ Years,TRUE,,both,0,,0,false,false,false,false,false,true,,,,,false,,,
test,,Diabetic Screening Profile 1,diabetic-screening-profile-1,1800,592,2890,0,3ml Serum/EDTA/Fluo- ride/Urine,"Blood Glucose F/PP, HbA1c, Lipid Profile,TSH, MAU",120,10 Hours,1 day,5+ Years,TRUE,,both,0,,0,false,false,false,false,false,true,,,,,false,,,
test,,Diabetic Screening Profile 2,diabetic-screening-profile-2,1500,593,2840,0,3ml Serum/EDTA/Floride,"Blood Glucose F/PP, HbA1c, Lipid Profile,
Creatinine",120,10 Hours,1 day,5+ Years,TRUE,,both,0,,0,false,false,false,false,false,true,,,,,false,,,
test,,Double Marker (8-13.6 Week),double-marker-8-13.6-week,2000,594,2410,0,3ml Serum,"Free BHCG, PAPP-A",120,10 Hours,1 day,5+ Years,TRUE,,both,0,,0,false,false,false,false,false,true,,,,,false,,,
test,,ENA Profile,ena-profile,4500,595,7850,0,3ml Serum,"Anti SSA, Anti SSB, Jo-1 Ab, SmAb, SCL-70, Cent-B",120,10 Hours,1 day,5+ Years,TRUE,,both,0,,0,false,false,false,false,false,true,,,,,false,,,
test,,Fever Profile-Basic,fever-profile-basic,600,596,1040,0,3ml Serum/EDTA,"CBC, Malaria Parasite, Widal ",120,10 Hours,1 day,5+ Years,TRUE,,both,0,,0,false,false,false,false,false,true,,,,,false,,,
test,,Fever Profile-Advance,fever-profile-advance,1200,597,2330,0,3ml Serum/EDTA,"CBC,Malaria Antigen,Typhidot IgG/IgM, Urine",120,10 Hours,1 day,5+ Years,TRUE,,both,0,,0,false,false,false,false,false,true,,,,,false,,,
test,, Fever Profile -Advance Plus,-fever-profile--advance-plus,1399,598,2769,0,3ml Serum/EDTA/Urine,"Typhi Dot-IgG/IgM, Malaria Parasite(MP),ESR,Dengue Ns1 Antigen, Rapid,CBC",120,10 Hours,1 day,5+ Years,TRUE,,both,0,,0,false,false,false,false,false,true,,,,,false,,,
test,,Haemophilia Profile,haemophilia-profile,4800,599,6740,0,3ml Sod. Citrate,"APTT, Factor VIII, Factor IX",120,10 Hours,1 day,5+ Years,TRUE,,both,0,,0,false,false,false,false,false,true,,,,,false,,,
test,,Hemogram,hemogram,350,600,690,0,3ml EDTA,Hemoglobin; ESR; Total Leucocyte Count (TLC); Differential Leucocyte Count (DLC),120,10 Hours,1 day,5+ Years,TRUE,,both,0,,0,false,false,false,false,false,true,,,,,false,,,
test,,Hepatitis B Profile,hepatitis-b-profile,2800,601,3000,0,3ml Serum,"HBeAg, HBeAb, HBsAg, HBsAb, HBcAb-M",120,10 Hours,1 day,5+ Years,TRUE,,both,0,,0,false,false,false,false,false,true,,,,,false,,,
test,,Hepatitis Profile,hepatitis-profile,2600,602,4310,0,3ml Serum,"HBsAg, HAV-M, HEV-M, HCV-T",120,10 Hours,1 day,5+ Years,TRUE,,both,0,,0,false,false,false,false,false,true,,,,,false,,,
test,,Hirsutism Profile,hirsutism-profile,6000,603,7870,0,3ml Serum,"FSH, LH, PRL,TSH,Testosterone-Total & Free, DHT, DHEAS, SHBG and Free androgen Index",120,10 Hours,1 day,5+ Years,TRUE,,both,0,,0,false,false,false,false,false,true,,,,,false,,,
test,,Infertility Panel-1,infertility-panel-1,3000,604,5860,0,3ml Serum,"PRL,LH,FSH,AMH",120,10 Hours,1 day,5+ Years,TRUE,,both,0,,0,false,false,false,false,false,true,,,,,false,,,
test,,Infertility Panel-2,infertility-panel-2,2000,605,3690,0,3ml Serum,"TSH,PRL,LH,FSH,E2",120,10 Hours,1 day,5+ Years,TRUE,,both,0,,0,false,false,false,false,false,true,,,,,false,,,
test,,Infertility Panel-3,infertility-panel-3,3200,606,5180,0,3ml Serum,"TSH,PRL,LH, FSH,AMH",120,10 Hours,1 day,5+ Years,TRUE,,both,0,,0,false,false,false,false,false,true,,,,,false,,,
test,,Infertility Panel-4,infertility-panel-4,4200,607,4780,0,3ml Serum,"TSH,PRL,P4,LH, FSH, E2, AMH",120,10 Hours,1 day,5+ Years,TRUE,,both,0,,0,false,false,false,false,false,true,,,,,false,,,
test,,"Iron Study
","iron-study
",600,608,940,0,3ml Serum,"Iron, Serum, (TIBC),Transferin Saturation*,Unsaturated Iron Binding Capacity*",120,10 Hours,1 day,5+ Years,TRUE,,both,0,,0,false,false,false,false,false,true,,,,,false,,,
test,,Kidney Function Test (KFT),kidney-function-test-kft,700,609,1190,0,3ml Serum,"Urea, Cretinine, Uric Acid, Calcium Sodium, Potassium, Chloride, Protein",120,10 Hours,1 day,5+ Years,TRUE,,both,0,,0,false,false,false,false,false,true,,,,,false,,,
test,,Lipid Profile,lipid-profile,700,610,980,0,3ml Serum,"Triglyceride,Total Cholesterol,HDL Cholester- ol,VLDL Cholesterol,LDL Cholesterol,Total / HDL Cholesterol Ratio,LDL / HDL Cholestrol Ratio",120,10 Hours,1 day,5+ Years,TRUE,,both,0,,0,false,false,false,false,false,true,,,,,false,,,
test,,Liver Function Test (LFT),liver-function-test-lft,700,611,1260,0,3ml Serum,"SGOT; SGPT; ALP; Bilirubin Total; Bilirubin Direct; Bilirubin Indirect; Total Protein, Serum; Albumin; Globulin; A/G Ratio",120,10 Hours,1 day,5+ Years,TRUE,,both,0,,0,false,false,false,false,false,true,,,,,false,,,
test,,Greno Health Fit Package 1,greno-health-fit-package-1,999,612,1359,0,3ml Serum/EDTA,"CBC, BSF,LFT, KFT, Lipid Profile,TFT,Urine R/M",120,10 Hours,1 day,5+ Years,TRUE,,both,0,,0,false,false,false,false,false,true,,,,,false,,,
test,,Greno Health Fit Package 2,greno-health-fit-package-2,1499,613,1959,0,3ml Serum/EDTA/Floride/ Urine,"CBC, LFT, KFT, Lipid Profile, BSF, TFT, HbA1c, Urine R/M",120,10 Hours,1 day,5+ Years,TRUE,,both,0,,0,false,false,false,false,false,true,,,,,false,,,
test,,Greno Health Fit Package 3,greno-health-fit-package-3,2499,614,3999,0,3ml Serum/EDTA/Fluoride/Urine,"CBC, LFT, KFT, Lipid Profile, BSF, TFT, HbA1c, Iron,Vit B12, Vit D-25-OH, Urine R/M",120,10 Hours,1 day,5+ Years,TRUE,,both,0,,0,false,false,false,false,false,true,,,,,false,,,
test,,Health Fit Sr. citizen Package- Man,health-fit-sr.-citizen-package--man,2649,615,4109,0,3ml Serum/EDTA/Floride/ Urine,"CBC, BSF, Hba1c, KFT,LFT,Lipid Profile,Vitamin D-25,CRP ,RA Factor,PSA",120,10 Hours,1 day,5+ Years,TRUE,,both,0,,0,false,false,false,false,false,true,,,,,false,,,
test,,Health Fit Sr. citizen Package- Women,health-fit-sr.-citizen-package--women,2649,616,4739,0,3ml Serum/EDTA/Floride/ Urine,"CBC, BSF,Hba1c, KFT, LFT, Lipid Profile,Vitamin D-25,CRP ,RA Factor,LH,FSH
Iron Study",120,10 Hours,1 day,5+ Years,TRUE,,both,0,,0,false,false,false,false,false,true,,,,,false,,,
test,,Myositis Profile IgG:22 antigens,myositis-profile-igg:22-antigens,7000,617,10540,0,3ml Serum,"ANA, CENP-A, CENP-B,DFS70, dsDNA, His-tone,IgG Control,Jo-1,La,M2,Nucleosome, P0, PCNA,PL-12,PL-7, PM-SCL, RNP-68, RNP-A, RNP-C, Ro52, Ro60, Scl-70*, SmB, SmD",120,10 Hours,1 day,5+ Years,TRUE,,both,0,,0,false,false,false,false,false,true,,,,,false,,,
test,,Polycystic Ovarian Disease(PCOD),polycystic-ovarian-diseasepcod,3500,618,6750,0,3ml Fluoride/Serum,"LH, FSH, PRL,T2, FT2, BSF, INS-F",120,10 Hours,1 day,5+ Years,TRUE,,both,0,,0,false,false,false,false,false,true,,,,,false,,,
test,,Pre- Operative Profile,pre--operative-profile,2800,619,5540,0,3ml Fluoride/Serum/EDTA/Sodium Cit.,"Prothrombin Time (PT), HIV I & II Antibody (Rapid), Hepatitis B Surface Antigen (Rapid), Glucose Fasting (F) Plasma, Complete Blood Count(CBC), Blood Group Abo & Rh, HCV IgM(Rapid), Activated Partial Thromboplastin Time (APTT)",120,10 Hours,1 day,5+ Years,TRUE,,both,0,,0,false,false,false,false,false,true,,,,,false,,,
test,,Pre-Marital Profile,pre-marital-profile,2200,620,3120,0,3ml Serum/EDTA,"Rubella IgG Antibody, Hiv I & II Antibody (Rapid), Complete Blood Count(CBC), Blood Group Abo & Rh, HCV Igm (Rapid), VDRL Serum",120,10 Hours,1 day,5+ Years,TRUE,,both,0,,0,false,false,false,false,false,true,,,,,false,,,
test,,Pregnancy (Antenatal) Profile,pregnancy-antenatal-profile,2400,621,4410,0,"3ml Fluoride/
Serum/EDTA/Urine","Hepatitis B Surface Antigen (Rapid) ,HCV IgM (Rapid) 
VDRL, Serum ,Urine Routine & Microscopy Examination ,Thyroid Stimulating Hormone (TSH) ,Hiv I & II Antibody (Rapid) ,Complete Blood Count(CBC) ,Blood Group Abo & Rh,Glucose Random (R)(Plasma)",120,10 Hours,1 day,5+ Years,TRUE,,both,0,,0,false,false,false,false,false,true,,,,,false,,,
test,,QuadrupleTest (14-22.6 Week),quadrupletest-14-22.6-week,3200,622,3580,0,3ml Serum,"BHCG, AFP, UE3, Inhibin-A",120,10 Hours,1 day,5+ Years,TRUE,,both,0,,0,false,false,false,false,false,true,,,,,false,,,
test,,Sexually Transmitted Disease(STD),sexually-transmitted-diseasestd,2500,623,2930,0,3ml Serum,"HIV, HSV-Combined, Chlamydia-M,TPHA",120,10 Hours,1 day,5+ Years,TRUE,,both,0,,0,false,false,false,false,false,true,,,,,false,,,
test,,SLE Profile,sle-profile,3000,624,4330,0,3ml Serum,"ANA, C3, C4, DNA, RAF",120,10 Hours,1 day,5+ Years,TRUE,,both,0,,0,false,false,false,false,false,true,,,,,false,,,
test,,Thalassemia Profile,thalassemia-profile,1600,625,1770,0,3ml Serum+EDTA,"Transferin Saturation,Iron Serum Hemoglobin Electrophoresis (HPLC) 
Unsaturated Iron Binding Capacity (UIBC),Complete Blood Count(CBC) ,Total Iron Binding Capacity (TIBC)",120,10 Hours,1 day,5+ Years,TRUE,,both,0,,0,false,false,false,false,false,true,,,,,false,,,
test,,Thyroid Function Test (TFT),thyroid-function-test-tft,600,626,810,0,3ml Serum,T3; T4; TSH,120,10 Hours,1 day,5+ Years,TRUE,,both,0,,0,false,false,false,false,false,true,,,,,false,,,
test,,Thyroid Profile (Free),thyroid-profile-free,700,627,950,0,3ml Serum,"
Free T3; Free T4; TSH",120,10 Hours,1 day,5+ Years,TRUE,,both,0,,0,false,false,false,false,false,true,,,,,false,,,
test,,Torch - IgG,torch---igg,1500,628,2740,0,3ml Serum,ToRCH- 4 (Any Four),120,10 Hours,1 day,5+ Years,TRUE,,both,0,,0,false,false,false,false,false,true,,,,,false,,,
test,,Torch - IgM,torch---igm,1500,629,1890,0,3ml Serum,ToRCH- 4 (Any Four),120,10 Hours,1 day,5+ Years,TRUE,,both,0,,0,false,false,false,false,false,true,,,,,false,,,
test,,Torch Profile- IgG/IgM,torch-profile--igg/igm,2800,630,5040,0,3ml Serum,ToRCH- 8 (Any Eight),120,10 Hours,1 day,5+ Years,TRUE,,both,0,,0,false,false,false,false,false,true,,,,,false,,,
test,,TripleTest (14-22.6 Week),tripletest-14-22.6-week,2600,631,3560,0,3ml Serum,"BHCG, AFP, UE3",120,10 Hours,1 day,5+ Years,TRUE,,both,0,,0,false,false,false,false,false,true,,,,,false,,,
test,,Tuberculosis Profile,tuberculosis-profile,4200,632,5650,0,Sputum/Fluid/Urine,"AFB ,ADA, MDR",120,10 Hours,1 day,5+ Years,TRUE,,both,0,,0,false,false,false,false,false,true,,,,,false,,,
test,,Vitamin B complex profile,vitamin-b-complex-profile,5000,633,5410,0,3ml Serum,"Vitamin B1/Thiamine,Vitamin B2/Riboflavin Vita- min B3/Nicotinic Acid, Vitamin B5/Pantothenic, Vitamin B6/P5P, Vitamin B7/Biotin,Vitamin B9/ Folic Acid",120,10 Hours,1 day,5+ Years,TRUE,,both,0,,0,false,false,false,false,false,true,,,,,false,,,
test,,Vasculitis profile,vasculitis-profile,3000,634,4670,0,3ml Serum,"ANA, MPO, PR3, ds-DNA",120,10 Hours,1 day,5+ Years,TRUE,,both,0,,0,false,false,false,false,false,true,,,,,false,,,
test,,Viral marker,viral-marker,1400,635,2460,0,3ml Serum,"HBSAG,HIV,HCV-T",120,10 Hours,1 day,5+ Years,TRUE,,both,0,,0,false,false,false,false,false,true,,,,,false,,,
,,,,,,,,,,,,,,,,,,,,,,,,,,,,,,,,,
